,"Cote, Adam Roland","Dion, Donna J.","Dion, Mark N.","Eves, Mark W.","Mills, Janet T.","Russell, Diane Marie","Sweet, Elizabeth A.",Write-in,seed,time_delta
0,0.518,0.0,0.0,0.0,0.481,0.0,0.001,0.0,1,2.2109687328338623
1,0.142,0.0,0.0,0.0,0.858,0.0,0.0,0.0,2,2.220067262649536
2,0.072,0.0,0.0,0.0,0.928,0.0,0.0,0.0,3,2.193894863128662
3,0.0,0.0,0.0,0.0,1.0,0.0,0.0,0.0,4,2.2407338619232178
4,0.033,0.0,0.0,0.0,0.966,0.0,0.001,0.0,5,2.2025790214538574
5,0.001,0.0,0.0,0.0,0.999,0.0,0.0,0.0,6,2.2341392040252686
6,0.0,0.0,0.0,0.0,1.0,0.0,0.0,0.0,7,2.2648210525512695
7,0.003,0.0,0.0,0.0,0.997,0.0,0.0,0.0,8,2.2410199642181396
8,0.03,0.0,0.0,0.0,0.97,0.0,0.0,0.0,9,2.2083749771118164
9,0.398,0.0,0.0,0.0,0.602,0.0,0.0,0.0,10,2.3805129528045654
10,0.058,0.0,0.0,0.0,0.939,0.0,0.003,0.0,11,2.3026528358459473
11,0.0,0.0,0.0,0.0,0.992,0.0,0.008,0.0,12,2.2575929164886475
12,0.185,0.0,0.0,0.0,0.814,0.0,0.001,0.0,13,2.272566080093384
13,0.024,0.0,0.0,0.0,0.976,0.0,0.0,0.0,14,2.3363277912139893
14,0.0,0.0,0.0,0.0,1.0,0.0,0.0,0.0,15,2.3426549434661865
15,0.07,0.0,0.0,0.001,0.929,0.0,0.0,0.0,16,2.5441620349884033
16,0.011,0.0,0.0,0.0,0.989,0.0,0.0,0.0,17,2.9010448455810547
17,0.018,0.0,0.0,0.0,0.982,0.0,0.0,0.0,18,2.314622402191162
18,0.297,0.0,0.0,0.0,0.702,0.0,0.001,0.0,19,2.732404947280884
19,0.013,0.0,0.0,0.0,0.987,0.0,0.0,0.0,20,2.6147866249084473
20,0.005,0.0,0.0,0.0,0.995,0.0,0.0,0.0,21,2.4512858390808105
21,0.131,0.0,0.0,0.0,0.869,0.0,0.0,0.0,22,2.33255672454834
22,0.006,0.0,0.0,0.0,0.994,0.0,0.0,0.0,23,3.7399351596832275
23,0.014,0.0,0.0,0.0,0.986,0.0,0.0,0.0,24,2.641205072402954
24,0.0,0.0,0.0,0.0,1.0,0.0,0.0,0.0,25,2.3798139095306396
25,0.0,0.0,0.0,0.0,1.0,0.0,0.0,0.0,26,2.3299219608306885
26,0.0,0.0,0.0,0.0,0.997,0.0,0.003,0.0,27,2.3773210048675537
27,0.0,0.0,0.0,0.0,1.0,0.0,0.0,0.0,28,2.3613569736480713
28,0.099,0.0,0.0,0.0,0.901,0.0,0.0,0.0,29,2.373828887939453
29,0.022,0.0,0.0,0.0,0.978,0.0,0.0,0.0,30,2.5582621097564697
30,0.002,0.0,0.0,0.0,0.998,0.0,0.0,0.0,31,2.4248321056365967
31,0.004,0.0,0.0,0.0,0.996,0.0,0.0,0.0,32,2.3424410820007324
32,0.0,0.0,0.0,0.0,1.0,0.0,0.0,0.0,33,2.4211978912353516
33,0.082,0.0,0.0,0.0,0.918,0.0,0.0,0.0,34,2.4387521743774414
34,0.007,0.0,0.0,0.0,0.993,0.0,0.0,0.0,35,2.40584397315979
35,0.7,0.0,0.0,0.0,0.3,0.0,0.0,0.0,36,2.5395700931549072
36,0.0,0.0,0.0,0.0,1.0,0.0,0.0,0.0,37,2.382431983947754
37,0.006,0.0,0.0,0.0,0.994,0.0,0.0,0.0,38,2.350986957550049
38,0.178,0.0,0.0,0.0,0.822,0.0,0.0,0.0,39,2.3675038814544678
39,0.0,0.0,0.0,0.0,1.0,0.0,0.0,0.0,40,2.3059070110321045
40,0.077,0.0,0.0,0.0,0.923,0.0,0.0,0.0,41,2.240320920944214
41,0.001,0.0,0.0,0.0,0.999,0.0,0.0,0.0,42,2.2769041061401367
42,0.002,0.0,0.0,0.0,0.998,0.0,0.0,0.0,43,2.3437747955322266
43,0.0,0.0,0.0,0.0,1.0,0.0,0.0,0.0,44,2.3554930686950684
44,0.062,0.0,0.0,0.0,0.938,0.0,0.0,0.0,45,2.341391086578369
45,0.061,0.0,0.0,0.0,0.939,0.0,0.0,0.0,46,2.3533270359039307
46,0.096,0.0,0.0,0.0,0.904,0.0,0.0,0.0,47,2.2426609992980957
47,0.009,0.0,0.0,0.0,0.991,0.0,0.0,0.0,48,2.3122477531433105
48,0.008,0.0,0.0,0.0,0.991,0.0,0.001,0.0,49,2.2502787113189697
49,0.123,0.0,0.0,0.0,0.877,0.0,0.0,0.0,50,2.2684452533721924
50,0.006,0.0,0.0,0.0,0.994,0.0,0.0,0.0,51,2.3345980644226074
51,0.056,0.0,0.0,0.0,0.944,0.0,0.0,0.0,52,2.320107936859131
52,0.0,0.0,0.0,0.0,1.0,0.0,0.0,0.0,53,2.3436689376831055
53,0.063,0.0,0.0,0.0,0.937,0.0,0.0,0.0,54,2.2825989723205566
54,0.134,0.0,0.0,0.0,0.865,0.0,0.001,0.0,55,2.2934417724609375
55,0.009,0.0,0.0,0.0,0.991,0.0,0.0,0.0,56,2.2699310779571533
56,0.152,0.0,0.0,0.0,0.848,0.0,0.0,0.0,57,2.249885082244873
57,0.0,0.0,0.0,0.0,1.0,0.0,0.0,0.0,58,2.291619062423706
58,0.0,0.0,0.0,0.001,0.999,0.0,0.0,0.0,59,2.2874948978424072
59,0.0,0.0,0.0,0.0,1.0,0.0,0.0,0.0,60,2.3224599361419678
60,0.0,0.0,0.0,0.0,1.0,0.0,0.0,0.0,61,2.346234083175659
61,0.04,0.0,0.0,0.0,0.96,0.0,0.0,0.0,62,2.296414375305176
62,0.188,0.0,0.0,0.0,0.812,0.0,0.0,0.0,63,2.267900228500366
63,0.024,0.0,0.0,0.0,0.976,0.0,0.0,0.0,64,2.29376220703125
64,0.006,0.0,0.0,0.0,0.994,0.0,0.0,0.0,65,2.3566172122955322
65,0.749,0.0,0.0,0.0,0.251,0.0,0.0,0.0,66,2.3455469608306885
66,0.011,0.0,0.0,0.0,0.989,0.0,0.0,0.0,67,2.3706917762756348
67,0.457,0.0,0.0,0.0,0.543,0.0,0.0,0.0,68,2.3987860679626465
68,0.001,0.0,0.0,0.0,0.999,0.0,0.0,0.0,69,2.2395410537719727
69,0.024,0.0,0.0,0.0,0.976,0.0,0.0,0.0,70,2.3898990154266357
70,0.049,0.0,0.0,0.0,0.951,0.0,0.0,0.0,71,2.2183401584625244
71,0.113,0.0,0.0,0.0,0.887,0.0,0.0,0.0,72,2.292689323425293
72,0.0,0.0,0.0,0.0,1.0,0.0,0.0,0.0,73,2.253765106201172
73,0.004,0.0,0.0,0.0,0.996,0.0,0.0,0.0,74,2.221776008605957
74,0.031,0.0,0.0,0.0,0.969,0.0,0.0,0.0,75,2.4425196647644043
75,0.03,0.0,0.0,0.0,0.97,0.0,0.0,0.0,76,2.3306097984313965
76,0.152,0.0,0.0,0.0,0.848,0.0,0.0,0.0,77,2.3267710208892822
77,0.0,0.0,0.0,0.0,1.0,0.0,0.0,0.0,78,2.2848198413848877
78,0.006,0.0,0.0,0.0,0.994,0.0,0.0,0.0,79,2.705641031265259
79,0.0,0.0,0.0,0.0,1.0,0.0,0.0,0.0,80,2.4264400005340576
80,0.002,0.0,0.0,0.0,0.998,0.0,0.0,0.0,81,2.3558599948883057
81,0.046,0.0,0.0,0.0,0.954,0.0,0.0,0.0,82,2.2978131771087646
82,0.025,0.0,0.0,0.0,0.975,0.0,0.0,0.0,83,2.402899980545044
83,0.127,0.0,0.0,0.0,0.872,0.0,0.001,0.0,84,2.3785622119903564
84,0.227,0.0,0.0,0.0,0.773,0.0,0.0,0.0,85,2.360383987426758
85,0.283,0.0,0.0,0.0,0.717,0.0,0.0,0.0,86,2.428339958190918
86,0.245,0.0,0.0,0.0,0.749,0.0,0.006,0.0,87,2.6330041885375977
87,0.002,0.0,0.0,0.0,0.998,0.0,0.0,0.0,88,2.5091490745544434
88,0.001,0.0,0.0,0.0,0.999,0.0,0.0,0.0,89,2.9608380794525146
89,0.116,0.0,0.0,0.0,0.884,0.0,0.0,0.0,90,2.5056071281433105
90,0.004,0.0,0.0,0.0,0.996,0.0,0.0,0.0,91,2.5019052028656006
91,0.147,0.0,0.0,0.0,0.851,0.0,0.002,0.0,92,2.4223649501800537
92,0.288,0.0,0.0,0.0,0.712,0.0,0.0,0.0,93,2.7123329639434814
93,0.0,0.0,0.0,0.0,1.0,0.0,0.0,0.0,94,2.70296311378479
94,0.026,0.0,0.0,0.001,0.973,0.0,0.0,0.0,95,2.373411178588867
95,0.0,0.0,0.0,0.0,1.0,0.0,0.0,0.0,96,2.782874822616577
96,0.177,0.0,0.0,0.0,0.823,0.0,0.0,0.0,97,2.3708980083465576
97,0.044,0.0,0.0,0.0,0.956,0.0,0.0,0.0,98,2.377596855163574
98,0.306,0.0,0.0,0.0,0.694,0.0,0.0,0.0,99,2.4207632541656494
99,0.317,0.0,0.0,0.0,0.683,0.0,0.0,0.0,100,2.9484801292419434
100,0.013,0.0,0.0,0.0,0.987,0.0,0.0,0.0,101,2.4481751918792725
101,0.0,0.0,0.0,0.0,1.0,0.0,0.0,0.0,102,2.4243059158325195
102,0.0,0.0,0.0,0.0,1.0,0.0,0.0,0.0,103,2.3297348022460938
103,0.004,0.0,0.0,0.0,0.996,0.0,0.0,0.0,104,2.3832271099090576
104,0.002,0.0,0.0,0.0,0.998,0.0,0.0,0.0,105,2.2822582721710205
105,0.016,0.0,0.0,0.0,0.984,0.0,0.0,0.0,106,2.639437198638916
106,0.026,0.0,0.0,0.0,0.974,0.0,0.0,0.0,107,2.7592968940734863
107,0.605,0.0,0.0,0.0,0.395,0.0,0.0,0.0,108,2.382354259490967
108,0.018,0.0,0.0,0.0,0.982,0.0,0.0,0.0,109,2.375704050064087
109,0.019,0.0,0.0,0.0,0.981,0.0,0.0,0.0,110,2.3386499881744385
110,0.457,0.0,0.0,0.0,0.543,0.0,0.0,0.0,111,2.4317119121551514
111,0.006,0.0,0.0,0.0,0.994,0.0,0.0,0.0,112,2.3059871196746826
112,0.086,0.0,0.0,0.0,0.914,0.0,0.0,0.0,113,2.288641929626465
113,0.001,0.0,0.0,0.0,0.999,0.0,0.0,0.0,114,2.32871413230896
114,0.017,0.0,0.0,0.0,0.983,0.0,0.0,0.0,115,2.315730094909668
115,0.0,0.0,0.0,0.0,0.999,0.0,0.001,0.0,116,2.4139740467071533
116,0.004,0.0,0.0,0.0,0.996,0.0,0.0,0.0,117,2.3209028244018555
117,0.001,0.0,0.0,0.0,0.999,0.0,0.0,0.0,118,2.2460038661956787
118,0.0,0.0,0.0,0.0,1.0,0.0,0.0,0.0,119,2.2472681999206543
119,0.001,0.0,0.0,0.0,0.999,0.0,0.0,0.0,120,2.236546039581299
120,0.022,0.0,0.0,0.0,0.978,0.0,0.0,0.0,121,2.2938168048858643
121,0.12,0.0,0.0,0.0,0.88,0.0,0.0,0.0,122,2.3341751098632812
122,0.0,0.0,0.0,0.0,1.0,0.0,0.0,0.0,123,2.241314172744751
123,0.222,0.0,0.0,0.001,0.776,0.0,0.001,0.0,124,2.266990900039673
124,0.047,0.0,0.0,0.0,0.953,0.0,0.0,0.0,125,2.263394594192505
125,0.002,0.0,0.0,0.0,0.998,0.0,0.0,0.0,126,2.2979941368103027
126,0.009,0.0,0.0,0.0,0.991,0.0,0.0,0.0,127,2.262260913848877
127,0.013,0.0,0.0,0.0,0.987,0.0,0.0,0.0,128,2.5379490852355957
128,0.0,0.0,0.0,0.0,1.0,0.0,0.0,0.0,129,2.327965021133423
129,0.112,0.0,0.0,0.0,0.888,0.0,0.0,0.0,130,2.439847946166992
130,0.001,0.0,0.0,0.0,0.999,0.0,0.0,0.0,131,2.332937002182007
131,0.461,0.0,0.0,0.0,0.539,0.0,0.0,0.0,132,2.3710930347442627
132,0.821,0.0,0.0,0.0,0.179,0.0,0.0,0.0,133,2.334468126296997
133,0.659,0.0,0.0,0.0,0.341,0.0,0.0,0.0,134,2.3405797481536865
134,0.001,0.0,0.0,0.0,0.999,0.0,0.0,0.0,135,2.5147271156311035
135,0.352,0.0,0.0,0.0,0.648,0.0,0.0,0.0,136,2.3671438694000244
136,0.16,0.0,0.0,0.0,0.84,0.0,0.0,0.0,137,2.338300943374634
137,0.282,0.0,0.0,0.0,0.718,0.0,0.0,0.0,138,2.3132832050323486
138,0.0,0.0,0.0,0.0,1.0,0.0,0.0,0.0,139,2.399970054626465
139,0.007,0.0,0.0,0.0,0.993,0.0,0.0,0.0,140,2.3295600414276123
140,0.391,0.0,0.0,0.0,0.609,0.0,0.0,0.0,141,2.3279950618743896
141,0.006,0.0,0.0,0.0,0.994,0.0,0.0,0.0,142,2.3004539012908936
142,0.339,0.0,0.0,0.0,0.66,0.0,0.001,0.0,143,2.324104070663452
143,0.035,0.0,0.0,0.0,0.965,0.0,0.0,0.0,144,2.3886940479278564
144,0.0,0.0,0.0,0.0,1.0,0.0,0.0,0.0,145,2.5442028045654297
145,0.004,0.0,0.0,0.0,0.996,0.0,0.0,0.0,146,2.3541648387908936
146,0.0,0.0,0.0,0.0,1.0,0.0,0.0,0.0,147,3.7891781330108643
147,0.012,0.0,0.0,0.0,0.988,0.0,0.0,0.0,148,2.3370869159698486
148,0.31,0.0,0.0,0.0,0.69,0.0,0.0,0.0,149,2.3564341068267822
149,0.054,0.0,0.0,0.0,0.946,0.0,0.0,0.0,150,4.689810276031494
150,0.4,0.0,0.0,0.0,0.6,0.0,0.0,0.0,151,2.342668056488037
151,0.135,0.0,0.0,0.0,0.865,0.0,0.0,0.0,152,2.3148748874664307
152,0.0,0.0,0.0,0.0,1.0,0.0,0.0,0.0,153,2.888972759246826
153,0.006,0.0,0.0,0.0,0.994,0.0,0.0,0.0,154,2.2854299545288086
154,0.016,0.0,0.0,0.0,0.984,0.0,0.0,0.0,155,4.492718696594238
155,0.062,0.0,0.0,0.0,0.938,0.0,0.0,0.0,156,2.3308157920837402
156,0.033,0.0,0.0,0.0,0.967,0.0,0.0,0.0,157,3.6278350353240967
157,0.043,0.0,0.0,0.0,0.957,0.0,0.0,0.0,158,4.624013185501099
158,0.002,0.0,0.0,0.0,0.998,0.0,0.0,0.0,159,2.3824331760406494
159,0.007,0.0,0.0,0.0,0.993,0.0,0.0,0.0,160,2.429187059402466
160,0.343,0.0,0.0,0.0,0.657,0.0,0.0,0.0,161,2.346904993057251
161,0.209,0.0,0.0,0.0,0.791,0.0,0.0,0.0,162,2.3082919120788574
162,0.059,0.0,0.0,0.0,0.941,0.0,0.0,0.0,163,2.361564874649048
163,0.002,0.0,0.0,0.0,0.998,0.0,0.0,0.0,164,2.3335652351379395
164,0.009,0.0,0.0,0.0,0.991,0.0,0.0,0.0,165,2.3360559940338135
165,0.479,0.0,0.0,0.0,0.521,0.0,0.0,0.0,166,2.342539072036743
166,0.007,0.0,0.0,0.0,0.993,0.0,0.0,0.0,167,2.376901865005493
167,0.003,0.0,0.0,0.0,0.997,0.0,0.0,0.0,168,2.3828563690185547
168,0.023,0.0,0.0,0.0,0.977,0.0,0.0,0.0,169,2.319071054458618
169,0.106,0.0,0.0,0.0,0.894,0.0,0.0,0.0,170,2.315812110900879
170,0.0,0.0,0.0,0.0,1.0,0.0,0.0,0.0,171,2.36159086227417
171,0.0,0.0,0.0,0.0,1.0,0.0,0.0,0.0,172,2.346421957015991
172,0.036,0.0,0.0,0.0,0.96,0.0,0.004,0.0,173,2.337599039077759
173,0.009,0.0,0.0,0.0,0.963,0.0,0.028,0.0,174,2.3422770500183105
174,0.59,0.0,0.0,0.0,0.409,0.0,0.001,0.0,175,2.333976984024048
175,0.006,0.0,0.0,0.0,0.994,0.0,0.0,0.0,176,2.2751710414886475
176,0.0,0.0,0.0,0.0,1.0,0.0,0.0,0.0,177,2.3780369758605957
177,0.013,0.0,0.0,0.0,0.987,0.0,0.0,0.0,178,2.2892467975616455
178,0.451,0.0,0.0,0.0,0.549,0.0,0.0,0.0,179,2.295377731323242
179,0.011,0.0,0.0,0.0,0.989,0.0,0.0,0.0,180,2.2687909603118896
180,0.024,0.0,0.0,0.0,0.976,0.0,0.0,0.0,181,2.278365135192871
181,0.3,0.0,0.0,0.0,0.7,0.0,0.0,0.0,182,2.2385542392730713
182,0.003,0.0,0.0,0.0,0.997,0.0,0.0,0.0,183,2.2558350563049316
183,0.0,0.0,0.0,0.0,1.0,0.0,0.0,0.0,184,2.2986998558044434
184,0.071,0.0,0.0,0.0,0.929,0.0,0.0,0.0,185,2.284414291381836
185,0.0,0.0,0.0,0.0,1.0,0.0,0.0,0.0,186,2.3040199279785156
186,0.299,0.0,0.0,0.0,0.701,0.0,0.0,0.0,187,2.2239387035369873
187,0.494,0.0,0.0,0.0,0.506,0.0,0.0,0.0,188,2.3749501705169678
188,0.055,0.0,0.0,0.0,0.945,0.0,0.0,0.0,189,2.2555348873138428
189,0.033,0.0,0.0,0.0,0.967,0.0,0.0,0.0,190,2.497249126434326
190,0.511,0.0,0.0,0.0,0.489,0.0,0.0,0.0,191,2.511077880859375
191,0.684,0.0,0.0,0.0,0.316,0.0,0.0,0.0,192,2.5071918964385986
192,0.0,0.0,0.0,0.0,1.0,0.0,0.0,0.0,193,2.3866937160491943
193,0.016,0.0,0.0,0.0,0.984,0.0,0.0,0.0,194,2.7795703411102295
194,0.15,0.0,0.0,0.0,0.85,0.0,0.0,0.0,195,2.3781020641326904
195,0.001,0.0,0.0,0.0,0.999,0.0,0.0,0.0,196,2.3048911094665527
196,0.597,0.0,0.0,0.001,0.402,0.0,0.0,0.0,197,2.2388432025909424
197,0.484,0.0,0.0,0.0,0.516,0.0,0.0,0.0,198,2.2882461547851562
198,0.326,0.0,0.0,0.0,0.674,0.0,0.0,0.0,199,2.2678122520446777
199,0.0,0.0,0.0,0.0,1.0,0.0,0.0,0.0,200,2.2472691535949707
200,0.019,0.0,0.0,0.01,0.971,0.0,0.0,0.0,201,2.2263379096984863
201,0.0,0.0,0.0,0.0,1.0,0.0,0.0,0.0,202,2.42488694190979
202,0.801,0.0,0.0,0.0,0.199,0.0,0.0,0.0,203,2.3088929653167725
203,0.0,0.0,0.0,0.0,1.0,0.0,0.0,0.0,204,2.419154167175293
204,0.014,0.0,0.0,0.0,0.986,0.0,0.0,0.0,205,2.3320131301879883
205,0.0,0.0,0.0,0.0,1.0,0.0,0.0,0.0,206,2.4964869022369385
206,0.47,0.0,0.0,0.0,0.53,0.0,0.0,0.0,207,2.8207080364227295
207,0.0,0.0,0.0,0.0,1.0,0.0,0.0,0.0,208,2.666948080062866
208,0.0,0.0,0.0,0.0,1.0,0.0,0.0,0.0,209,2.636464834213257
209,0.123,0.0,0.0,0.0,0.877,0.0,0.0,0.0,210,2.374973773956299
210,0.066,0.0,0.0,0.0,0.934,0.0,0.0,0.0,211,2.637956142425537
211,0.544,0.0,0.0,0.0,0.456,0.0,0.0,0.0,212,2.816401958465576
212,0.0,0.0,0.0,0.0,1.0,0.0,0.0,0.0,213,2.4011287689208984
213,0.0,0.0,0.0,0.0,1.0,0.0,0.0,0.0,214,2.496100902557373
214,0.039,0.0,0.0,0.0,0.961,0.0,0.0,0.0,215,2.4360971450805664
215,0.004,0.0,0.0,0.0,0.996,0.0,0.0,0.0,216,2.348255157470703
216,0.001,0.0,0.0,0.0,0.999,0.0,0.0,0.0,217,2.3392603397369385
217,0.005,0.0,0.0,0.0,0.995,0.0,0.0,0.0,218,2.3384578227996826
218,0.006,0.0,0.0,0.0,0.994,0.0,0.0,0.0,219,2.3851120471954346
219,0.002,0.0,0.0,0.0,0.998,0.0,0.0,0.0,220,2.3831770420074463
220,0.022,0.0,0.0,0.0,0.978,0.0,0.0,0.0,221,2.332663059234619
221,0.031,0.0,0.0,0.0,0.969,0.0,0.0,0.0,222,2.2974069118499756
222,0.025,0.0,0.0,0.0,0.975,0.0,0.0,0.0,223,2.2992308139801025
223,0.002,0.0,0.0,0.0,0.998,0.0,0.0,0.0,224,2.3158280849456787
224,0.068,0.0,0.0,0.0,0.932,0.0,0.0,0.0,225,2.296718120574951
225,0.058,0.0,0.0,0.0,0.942,0.0,0.0,0.0,226,2.261287212371826
226,0.002,0.0,0.0,0.0,0.998,0.0,0.0,0.0,227,2.2730729579925537
227,0.214,0.0,0.0,0.0,0.786,0.0,0.0,0.0,228,2.312033176422119
228,0.815,0.0,0.0,0.0,0.185,0.0,0.0,0.0,229,2.369105815887451
229,0.041,0.0,0.0,0.0,0.959,0.0,0.0,0.0,230,2.3908910751342773
230,0.093,0.0,0.0,0.0,0.907,0.0,0.0,0.0,231,2.278654098510742
231,0.0,0.0,0.0,0.0,1.0,0.0,0.0,0.0,232,2.2238028049468994
232,0.0,0.0,0.0,0.0,1.0,0.0,0.0,0.0,233,2.2086079120635986
233,0.002,0.0,0.0,0.0,0.998,0.0,0.0,0.0,234,2.209203004837036
234,0.001,0.0,0.0,0.0,0.999,0.0,0.0,0.0,235,2.231367349624634
235,0.297,0.0,0.0,0.0,0.703,0.0,0.0,0.0,236,2.2970681190490723
236,0.124,0.0,0.0,0.0,0.876,0.0,0.0,0.0,237,2.2843081951141357
237,0.178,0.0,0.0,0.0,0.822,0.0,0.0,0.0,238,2.392667293548584
238,0.155,0.0,0.0,0.0,0.845,0.0,0.0,0.0,239,2.3158669471740723
239,0.0,0.0,0.0,0.0,1.0,0.0,0.0,0.0,240,2.465437173843384
240,0.001,0.0,0.0,0.0,0.999,0.0,0.0,0.0,241,2.5717830657958984
241,0.06,0.0,0.0,0.0,0.94,0.0,0.0,0.0,242,2.321247100830078
242,0.002,0.0,0.0,0.0,0.998,0.0,0.0,0.0,243,2.2935540676116943
243,0.225,0.0,0.0,0.0,0.775,0.0,0.0,0.0,244,2.285435199737549
244,0.214,0.0,0.0,0.0,0.786,0.0,0.0,0.0,245,2.2824888229370117
245,0.0,0.0,0.0,0.0,1.0,0.0,0.0,0.0,246,2.2558798789978027
246,0.0,0.0,0.0,0.0,1.0,0.0,0.0,0.0,247,2.297391176223755
247,0.001,0.0,0.0,0.0,0.999,0.0,0.0,0.0,248,2.352384090423584
248,0.013,0.0,0.0,0.0,0.987,0.0,0.0,0.0,249,2.3224217891693115
249,0.006,0.0,0.0,0.0,0.994,0.0,0.0,0.0,250,2.383348226547241
250,0.029,0.0,0.0,0.0,0.971,0.0,0.0,0.0,251,2.3737399578094482
251,0.0,0.0,0.0,0.0,1.0,0.0,0.0,0.0,252,2.3458826541900635
252,0.002,0.0,0.0,0.0,0.998,0.0,0.0,0.0,253,2.369004011154175
253,0.04,0.0,0.0,0.0,0.96,0.0,0.0,0.0,254,2.3245439529418945
254,0.004,0.0,0.0,0.0,0.996,0.0,0.0,0.0,255,2.4110970497131348
255,0.258,0.0,0.0,0.0,0.742,0.0,0.0,0.0,256,2.387234926223755
256,0.017,0.0,0.0,0.0,0.983,0.0,0.0,0.0,257,2.3833999633789062
257,0.068,0.0,0.0,0.0,0.932,0.0,0.0,0.0,258,2.3939781188964844
258,0.002,0.0,0.0,0.0,0.998,0.0,0.0,0.0,259,2.4547362327575684
259,0.0,0.0,0.0,0.0,1.0,0.0,0.0,0.0,260,2.3683550357818604
260,0.001,0.0,0.0,0.0,0.999,0.0,0.0,0.0,261,2.3019142150878906
261,0.0,0.0,0.0,0.0,1.0,0.0,0.0,0.0,262,2.2869160175323486
262,0.403,0.0,0.0,0.0,0.597,0.0,0.0,0.0,263,2.2851409912109375
263,0.002,0.0,0.0,0.0,0.998,0.0,0.0,0.0,264,2.288888692855835
264,0.0,0.0,0.0,0.0,1.0,0.0,0.0,0.0,265,2.336984872817993
265,0.396,0.0,0.0,0.0,0.604,0.0,0.0,0.0,266,2.2159948348999023
266,0.219,0.0,0.0,0.0,0.781,0.0,0.0,0.0,267,2.351241111755371
267,0.001,0.0,0.0,0.0,0.999,0.0,0.0,0.0,268,2.34120512008667
268,0.0,0.0,0.0,0.0,1.0,0.0,0.0,0.0,269,2.3147530555725098
269,0.012,0.0,0.0,0.0,0.988,0.0,0.0,0.0,270,2.333707094192505
270,0.007,0.0,0.0,0.001,0.992,0.0,0.0,0.0,271,2.370544910430908
271,0.01,0.0,0.0,0.0,0.99,0.0,0.0,0.0,272,2.38778018951416
272,0.431,0.0,0.0,0.002,0.567,0.0,0.0,0.0,273,2.3526062965393066
273,0.001,0.0,0.0,0.0,0.999,0.0,0.0,0.0,274,2.256688117980957
274,0.0,0.0,0.0,0.0,1.0,0.0,0.0,0.0,275,2.4099488258361816
275,0.228,0.0,0.0,0.0,0.772,0.0,0.0,0.0,276,2.2242350578308105
276,0.697,0.0,0.0,0.0,0.303,0.0,0.0,0.0,277,2.2447800636291504
277,0.146,0.0,0.0,0.0,0.854,0.0,0.0,0.0,278,2.4054222106933594
278,0.666,0.0,0.0,0.0,0.334,0.0,0.0,0.0,279,2.3163790702819824
279,0.036,0.0,0.0,0.0,0.964,0.0,0.0,0.0,280,2.287764310836792
280,0.002,0.0,0.0,0.0,0.998,0.0,0.0,0.0,281,2.2442328929901123
281,0.064,0.0,0.0,0.0,0.936,0.0,0.0,0.0,282,2.2926011085510254
282,0.095,0.0,0.0,0.0,0.905,0.0,0.0,0.0,283,2.2621631622314453
283,0.091,0.0,0.0,0.0,0.909,0.0,0.0,0.0,284,2.357954740524292
284,0.106,0.0,0.0,0.0,0.894,0.0,0.0,0.0,285,2.494123935699463
285,0.021,0.0,0.0,0.0,0.979,0.0,0.0,0.0,286,2.3234219551086426
286,0.0,0.0,0.0,0.0,1.0,0.0,0.0,0.0,287,2.384840250015259
287,0.346,0.0,0.0,0.0,0.652,0.0,0.002,0.0,288,2.3971219062805176
288,0.003,0.0,0.0,0.0,0.997,0.0,0.0,0.0,289,2.4236271381378174
289,0.001,0.0,0.0,0.0,0.999,0.0,0.0,0.0,290,2.3814480304718018
290,0.468,0.0,0.0,0.0,0.532,0.0,0.0,0.0,291,2.3670849800109863
291,0.25,0.0,0.0,0.0,0.75,0.0,0.0,0.0,292,2.2253708839416504
292,0.787,0.0,0.0,0.0,0.213,0.0,0.0,0.0,293,2.2986910343170166
293,0.016,0.0,0.0,0.0,0.984,0.0,0.0,0.0,294,2.348663091659546
294,0.0,0.0,0.0,0.0,1.0,0.0,0.0,0.0,295,2.258971929550171
295,0.214,0.0,0.0,0.0,0.786,0.0,0.0,0.0,296,2.7138638496398926
296,0.023,0.0,0.0,0.0,0.977,0.0,0.0,0.0,297,2.3910300731658936
297,0.001,0.0,0.0,0.0,0.999,0.0,0.0,0.0,298,2.3647940158843994
298,0.46,0.0,0.0,0.0,0.54,0.0,0.0,0.0,299,2.430248975753784
299,0.767,0.0,0.0,0.0,0.233,0.0,0.0,0.0,300,2.3502540588378906
300,0.4,0.0,0.0,0.0,0.6,0.0,0.0,0.0,301,2.31660532951355
301,0.001,0.0,0.0,0.0,0.999,0.0,0.0,0.0,302,2.405381917953491
302,0.006,0.0,0.0,0.0,0.994,0.0,0.0,0.0,303,2.384351968765259
303,0.049,0.0,0.0,0.0,0.951,0.0,0.0,0.0,304,2.2220489978790283
304,0.151,0.0,0.0,0.0,0.849,0.0,0.0,0.0,305,2.2205569744110107
305,0.423,0.0,0.0,0.0,0.577,0.0,0.0,0.0,306,2.2472732067108154
306,0.043,0.0,0.0,0.0,0.957,0.0,0.0,0.0,307,2.2639031410217285
307,0.285,0.0,0.0,0.0,0.715,0.0,0.0,0.0,308,2.226045846939087
308,0.003,0.0,0.0,0.0,0.997,0.0,0.0,0.0,309,2.200385093688965
309,0.002,0.0,0.0,0.0,0.998,0.0,0.0,0.0,310,2.2024660110473633
310,0.021,0.0,0.0,0.0,0.979,0.0,0.0,0.0,311,2.2182869911193848
311,0.048,0.0,0.0,0.0,0.952,0.0,0.0,0.0,312,2.230008125305176
312,0.116,0.0,0.0,0.0,0.884,0.0,0.0,0.0,313,2.2132599353790283
313,0.0,0.0,0.0,0.0,1.0,0.0,0.0,0.0,314,2.240324020385742
314,0.205,0.0,0.0,0.0,0.795,0.0,0.0,0.0,315,2.2528600692749023
315,0.15,0.0,0.0,0.0,0.85,0.0,0.0,0.0,316,2.233036994934082
316,0.04,0.0,0.0,0.0,0.96,0.0,0.0,0.0,317,2.363089084625244
317,0.018,0.0,0.0,0.0,0.982,0.0,0.0,0.0,318,2.2670671939849854
318,0.027,0.0,0.0,0.0,0.973,0.0,0.0,0.0,319,2.3227100372314453
319,0.032,0.0,0.0,0.0,0.968,0.0,0.0,0.0,320,2.3068959712982178
320,0.024,0.0,0.0,0.0,0.976,0.0,0.0,0.0,321,2.2292017936706543
321,0.004,0.0,0.0,0.0,0.985,0.0,0.011,0.0,322,2.2018847465515137
322,0.136,0.0,0.0,0.0,0.863,0.0,0.001,0.0,323,2.192476749420166
323,0.0,0.0,0.0,0.0,1.0,0.0,0.0,0.0,324,2.3023898601531982
324,0.021,0.0,0.0,0.0,0.979,0.0,0.0,0.0,325,2.2449820041656494
325,0.309,0.0,0.0,0.0,0.691,0.0,0.0,0.0,326,2.395659923553467
326,0.001,0.0,0.0,0.0,0.999,0.0,0.0,0.0,327,2.271414041519165
327,0.001,0.0,0.0,0.0,0.999,0.0,0.0,0.0,328,2.3937368392944336
328,0.0,0.0,0.0,0.0,1.0,0.0,0.0,0.0,329,2.321113109588623
329,0.0,0.0,0.0,0.0,1.0,0.0,0.0,0.0,330,2.448971748352051
330,0.004,0.0,0.0,0.0,0.996,0.0,0.0,0.0,331,2.364238739013672
331,0.0,0.0,0.0,0.0,1.0,0.0,0.0,0.0,332,2.338300943374634
332,0.01,0.0,0.0,0.0,0.99,0.0,0.0,0.0,333,2.2709598541259766
333,0.487,0.0,0.0,0.0,0.513,0.0,0.0,0.0,334,2.2403647899627686
334,0.656,0.0,0.0,0.0,0.344,0.0,0.0,0.0,335,2.26143479347229
335,0.007,0.0,0.0,0.0,0.993,0.0,0.0,0.0,336,2.248335838317871
336,0.113,0.0,0.0,0.0,0.887,0.0,0.0,0.0,337,2.261120080947876
337,0.005,0.0,0.0,0.0,0.995,0.0,0.0,0.0,338,2.273317813873291
338,0.183,0.0,0.0,0.0,0.817,0.0,0.0,0.0,339,2.385103225708008
339,0.056,0.0,0.0,0.0,0.944,0.0,0.0,0.0,340,2.295766830444336
340,0.08,0.0,0.0,0.0,0.92,0.0,0.0,0.0,341,2.262053966522217
341,0.362,0.0,0.0,0.0,0.638,0.0,0.0,0.0,342,2.2258691787719727
342,0.002,0.0,0.0,0.0,0.998,0.0,0.0,0.0,343,2.4336540699005127
343,0.005,0.0,0.0,0.0,0.995,0.0,0.0,0.0,344,2.3853859901428223
344,0.06,0.0,0.0,0.0,0.94,0.0,0.0,0.0,345,2.3504421710968018
345,0.006,0.0,0.0,0.0,0.994,0.0,0.0,0.0,346,2.2953691482543945
346,0.013,0.0,0.0,0.0,0.987,0.0,0.0,0.0,347,2.3540730476379395
347,0.0,0.0,0.0,0.0,1.0,0.0,0.0,0.0,348,2.3566529750823975
348,0.019,0.0,0.0,0.0,0.981,0.0,0.0,0.0,349,2.4625468254089355
349,0.025,0.0,0.0,0.0,0.975,0.0,0.0,0.0,350,2.37438702583313
350,0.031,0.0,0.0,0.0,0.969,0.0,0.0,0.0,351,2.3823039531707764
351,0.226,0.0,0.0,0.0,0.774,0.0,0.0,0.0,352,2.404170274734497
352,0.067,0.0,0.0,0.0,0.932,0.0,0.001,0.0,353,2.4122228622436523
353,0.07,0.0,0.0,0.0,0.93,0.0,0.0,0.0,354,2.4357011318206787
354,0.0,0.0,0.0,0.0,1.0,0.0,0.0,0.0,355,2.3312041759490967
355,0.247,0.0,0.0,0.0,0.753,0.0,0.0,0.0,356,2.3377621173858643
356,0.018,0.0,0.0,0.0,0.982,0.0,0.0,0.0,357,2.2473058700561523
357,0.74,0.0,0.0,0.0,0.256,0.0,0.004,0.0,358,2.267446994781494
358,0.002,0.0,0.0,0.0,0.998,0.0,0.0,0.0,359,2.244701862335205
359,0.171,0.0,0.0,0.0,0.829,0.0,0.0,0.0,360,2.2407267093658447
360,0.051,0.0,0.0,0.0,0.949,0.0,0.0,0.0,361,2.334041118621826
361,0.022,0.0,0.0,0.0,0.978,0.0,0.0,0.0,362,2.337893009185791
362,0.003,0.0,0.0,0.0,0.997,0.0,0.0,0.0,363,2.3338470458984375
363,0.612,0.0,0.0,0.0,0.388,0.0,0.0,0.0,364,2.2497379779815674
364,0.495,0.0,0.0,0.0,0.505,0.0,0.0,0.0,365,2.2634408473968506
365,0.427,0.0,0.0,0.0,0.573,0.0,0.0,0.0,366,2.289578914642334
366,0.0,0.0,0.0,0.0,1.0,0.0,0.0,0.0,367,2.260519027709961
367,0.031,0.0,0.0,0.0,0.969,0.0,0.0,0.0,368,2.2479310035705566
368,0.034,0.0,0.0,0.0,0.966,0.0,0.0,0.0,369,2.2300260066986084
369,0.011,0.0,0.0,0.0,0.989,0.0,0.0,0.0,370,2.264413833618164
370,0.102,0.0,0.0,0.0,0.898,0.0,0.0,0.0,371,2.227891206741333
371,0.062,0.0,0.0,0.0,0.938,0.0,0.0,0.0,372,2.2513349056243896
372,0.0,0.0,0.0,0.0,1.0,0.0,0.0,0.0,373,2.255141019821167
373,0.001,0.0,0.0,0.0,0.999,0.0,0.0,0.0,374,2.228262186050415
374,0.045,0.0,0.0,0.0,0.955,0.0,0.0,0.0,375,2.2479910850524902
375,0.178,0.0,0.0,0.008,0.81,0.0,0.004,0.0,376,2.235504150390625
376,0.418,0.0,0.0,0.0,0.582,0.0,0.0,0.0,377,2.2582921981811523
377,0.022,0.0,0.0,0.0,0.978,0.0,0.0,0.0,378,2.244602918624878
378,0.16,0.0,0.0,0.0,0.84,0.0,0.0,0.0,379,2.2481439113616943
379,0.001,0.0,0.0,0.0,0.999,0.0,0.0,0.0,380,2.265023946762085
380,0.025,0.0,0.0,0.0,0.975,0.0,0.0,0.0,381,2.2798428535461426
381,0.009,0.0,0.0,0.0,0.991,0.0,0.0,0.0,382,2.2616970539093018
382,0.578,0.0,0.0,0.0,0.422,0.0,0.0,0.0,383,2.2447609901428223
383,0.0,0.0,0.0,0.0,1.0,0.0,0.0,0.0,384,2.2736780643463135
384,0.455,0.0,0.0,0.0,0.545,0.0,0.0,0.0,385,2.234591007232666
385,0.204,0.0,0.0,0.0,0.796,0.0,0.0,0.0,386,2.233755111694336
386,0.049,0.0,0.0,0.0,0.951,0.0,0.0,0.0,387,2.2626149654388428
387,0.049,0.0,0.0,0.0,0.916,0.0,0.035,0.0,388,2.2264699935913086
388,0.01,0.0,0.0,0.0,0.99,0.0,0.0,0.0,389,2.2525761127471924
389,0.196,0.0,0.0,0.0,0.804,0.0,0.0,0.0,390,2.236086130142212
390,0.011,0.0,0.0,0.0,0.989,0.0,0.0,0.0,391,2.2523460388183594
391,0.102,0.0,0.0,0.0,0.898,0.0,0.0,0.0,392,2.2458271980285645
392,0.019,0.0,0.0,0.0,0.981,0.0,0.0,0.0,393,2.255927085876465
393,0.0,0.0,0.0,0.0,1.0,0.0,0.0,0.0,394,2.2560360431671143
394,0.0,0.0,0.0,0.0,1.0,0.0,0.0,0.0,395,2.232158899307251
395,0.002,0.0,0.0,0.0,0.998,0.0,0.0,0.0,396,2.2654871940612793
396,0.185,0.0,0.0,0.0,0.815,0.0,0.0,0.0,397,2.2427241802215576
397,0.332,0.0,0.0,0.0,0.668,0.0,0.0,0.0,398,2.277297019958496
398,0.005,0.0,0.0,0.0,0.995,0.0,0.0,0.0,399,2.245790958404541
399,0.13,0.0,0.0,0.0,0.87,0.0,0.0,0.0,400,2.2370922565460205
400,0.178,0.0,0.0,0.0,0.822,0.0,0.0,0.0,401,2.268857717514038
401,0.0,0.0,0.0,0.0,1.0,0.0,0.0,0.0,402,2.2924039363861084
402,0.001,0.0,0.0,0.0,0.999,0.0,0.0,0.0,403,2.3398780822753906
403,0.001,0.0,0.0,0.0,0.999,0.0,0.0,0.0,404,2.3093347549438477
404,0.001,0.0,0.0,0.0,0.999,0.0,0.0,0.0,405,2.353933811187744
405,0.002,0.0,0.0,0.0,0.998,0.0,0.0,0.0,406,2.3517699241638184
406,0.142,0.0,0.0,0.0,0.858,0.0,0.0,0.0,407,2.369955062866211
407,0.0,0.0,0.0,0.0,1.0,0.0,0.0,0.0,408,2.364319086074829
408,0.018,0.0,0.0,0.0,0.982,0.0,0.0,0.0,409,2.3795199394226074
409,0.017,0.0,0.0,0.0,0.983,0.0,0.0,0.0,410,2.328378915786743
410,0.066,0.0,0.0,0.0,0.921,0.0,0.013,0.0,411,2.346327066421509
411,0.005,0.0,0.0,0.0,0.995,0.0,0.0,0.0,412,2.3445382118225098
412,0.002,0.0,0.0,0.0,0.998,0.0,0.0,0.0,413,2.2655580043792725
413,0.001,0.0,0.0,0.0,0.999,0.0,0.0,0.0,414,2.324314832687378
414,0.294,0.0,0.0,0.0,0.706,0.0,0.0,0.0,415,2.318594217300415
415,0.002,0.0,0.0,0.0,0.998,0.0,0.0,0.0,416,2.2621660232543945
416,0.0,0.0,0.0,0.0,1.0,0.0,0.0,0.0,417,2.333954095840454
417,0.0,0.0,0.0,0.0,1.0,0.0,0.0,0.0,418,2.357211112976074
418,0.566,0.0,0.0,0.0,0.434,0.0,0.0,0.0,419,2.29282808303833
419,0.021,0.0,0.0,0.0,0.979,0.0,0.0,0.0,420,2.36375093460083
420,0.165,0.0,0.0,0.0,0.835,0.0,0.0,0.0,421,2.327652931213379
421,0.038,0.0,0.0,0.0,0.962,0.0,0.0,0.0,422,2.269602060317993
422,0.303,0.0,0.0,0.0,0.697,0.0,0.0,0.0,423,2.28117299079895
423,0.031,0.0,0.0,0.0,0.969,0.0,0.0,0.0,424,2.3314831256866455
424,0.002,0.0,0.0,0.0,0.998,0.0,0.0,0.0,425,2.330071210861206
425,0.028,0.0,0.0,0.0,0.972,0.0,0.0,0.0,426,2.314206838607788
426,0.77,0.0,0.0,0.0,0.23,0.0,0.0,0.0,427,2.634139060974121
427,0.401,0.0,0.0,0.001,0.598,0.0,0.0,0.0,428,2.3211898803710938
428,0.0,0.0,0.0,0.0,1.0,0.0,0.0,0.0,429,2.325562000274658
429,0.373,0.0,0.0,0.0,0.627,0.0,0.0,0.0,430,2.2519848346710205
430,0.002,0.0,0.0,0.0,0.998,0.0,0.0,0.0,431,2.245151996612549
431,0.028,0.0,0.0,0.0,0.972,0.0,0.0,0.0,432,2.2750608921051025
432,0.002,0.0,0.0,0.0,0.998,0.0,0.0,0.0,433,2.264040946960449
433,0.02,0.0,0.0,0.0,0.98,0.0,0.0,0.0,434,2.2221643924713135
434,0.007,0.0,0.0,0.0,0.993,0.0,0.0,0.0,435,2.3098630905151367
435,0.007,0.0,0.0,0.0,0.993,0.0,0.0,0.0,436,2.3172972202301025
436,0.018,0.0,0.0,0.0,0.982,0.0,0.0,0.0,437,2.2250070571899414
437,0.003,0.0,0.0,0.0,0.997,0.0,0.0,0.0,438,2.26357102394104
438,0.0,0.0,0.0,0.0,1.0,0.0,0.0,0.0,439,2.244765281677246
439,0.005,0.0,0.0,0.0,0.995,0.0,0.0,0.0,440,2.2617831230163574
440,0.022,0.0,0.0,0.0,0.978,0.0,0.0,0.0,441,2.281317949295044
441,0.02,0.0,0.0,0.0,0.98,0.0,0.0,0.0,442,2.2589797973632812
442,0.183,0.0,0.0,0.0,0.817,0.0,0.0,0.0,443,2.2423670291900635
443,0.003,0.0,0.0,0.0,0.997,0.0,0.0,0.0,444,2.243518114089966
444,0.002,0.0,0.0,0.0,0.998,0.0,0.0,0.0,445,2.3017520904541016
445,0.418,0.0,0.0,0.0,0.582,0.0,0.0,0.0,446,2.2498769760131836
446,0.0,0.0,0.0,0.0,1.0,0.0,0.0,0.0,447,2.2528679370880127
447,0.0,0.0,0.0,0.0,1.0,0.0,0.0,0.0,448,2.261103868484497
448,0.684,0.0,0.0,0.001,0.315,0.0,0.0,0.0,449,2.273975133895874
449,0.137,0.0,0.0,0.0,0.863,0.0,0.0,0.0,450,2.2408628463745117
450,0.47,0.0,0.0,0.0,0.53,0.0,0.0,0.0,451,2.231879234313965
451,0.001,0.0,0.0,0.0,0.999,0.0,0.0,0.0,452,2.26239013671875
452,0.057,0.0,0.0,0.0,0.943,0.0,0.0,0.0,453,2.236891984939575
453,0.03,0.0,0.0,0.0,0.969,0.0,0.001,0.0,454,2.2860560417175293
454,0.078,0.0,0.0,0.0,0.922,0.0,0.0,0.0,455,2.2506909370422363
455,0.005,0.0,0.0,0.0,0.995,0.0,0.0,0.0,456,2.2423019409179688
456,0.033,0.0,0.0,0.0,0.967,0.0,0.0,0.0,457,2.268568992614746
457,0.446,0.0,0.0,0.0,0.554,0.0,0.0,0.0,458,2.233124017715454
458,0.033,0.0,0.0,0.0,0.967,0.0,0.0,0.0,459,2.2762420177459717
459,0.032,0.0,0.0,0.0,0.968,0.0,0.0,0.0,460,2.3236069679260254
460,0.0,0.0,0.0,0.0,1.0,0.0,0.0,0.0,461,2.3624160289764404
461,0.023,0.0,0.0,0.0,0.976,0.0,0.001,0.0,462,2.2621850967407227
462,0.012,0.0,0.0,0.0,0.988,0.0,0.0,0.0,463,2.3194122314453125
463,0.319,0.0,0.0,0.0,0.679,0.0,0.002,0.0,464,2.4192309379577637
464,0.043,0.0,0.0,0.0,0.957,0.0,0.0,0.0,465,2.2457869052886963
465,0.189,0.0,0.0,0.0,0.811,0.0,0.0,0.0,466,2.4105100631713867
466,0.058,0.0,0.0,0.0,0.936,0.0,0.006,0.0,467,2.289883852005005
467,0.002,0.0,0.0,0.0,0.998,0.0,0.0,0.0,468,2.2539708614349365
468,0.026,0.0,0.0,0.0,0.974,0.0,0.0,0.0,469,2.239428997039795
469,0.139,0.0,0.0,0.0,0.861,0.0,0.0,0.0,470,2.2821879386901855
470,0.029,0.0,0.0,0.0,0.971,0.0,0.0,0.0,471,2.303697109222412
471,0.0,0.0,0.0,0.0,1.0,0.0,0.0,0.0,472,2.2935688495635986
472,0.017,0.0,0.0,0.0,0.983,0.0,0.0,0.0,473,2.5116350650787354
473,0.779,0.0,0.0,0.0,0.221,0.0,0.0,0.0,474,2.479275941848755
474,0.044,0.0,0.0,0.0,0.956,0.0,0.0,0.0,475,2.4228579998016357
475,0.014,0.0,0.0,0.0,0.986,0.0,0.0,0.0,476,2.4671947956085205
476,0.006,0.0,0.0,0.0,0.994,0.0,0.0,0.0,477,2.4445507526397705
477,0.001,0.0,0.0,0.0,0.999,0.0,0.0,0.0,478,2.3332269191741943
478,0.233,0.0,0.0,0.0,0.767,0.0,0.0,0.0,479,2.8728930950164795
479,0.02,0.0,0.0,0.0,0.98,0.0,0.0,0.0,480,2.360751152038574
480,0.002,0.0,0.0,0.0,0.998,0.0,0.0,0.0,481,2.3912131786346436
481,0.886,0.0,0.0,0.0,0.114,0.0,0.0,0.0,482,2.316348075866699
482,0.0,0.0,0.0,0.0,1.0,0.0,0.0,0.0,483,2.4188449382781982
483,0.046,0.0,0.0,0.0,0.954,0.0,0.0,0.0,484,2.4538729190826416
484,0.023,0.0,0.0,0.0,0.977,0.0,0.0,0.0,485,2.391108989715576
485,0.068,0.0,0.0,0.0,0.932,0.0,0.0,0.0,486,2.406407117843628
486,0.0,0.0,0.0,0.0,1.0,0.0,0.0,0.0,487,2.7910850048065186
487,0.028,0.0,0.0,0.0,0.972,0.0,0.0,0.0,488,2.3539958000183105
488,0.137,0.0,0.0,0.0,0.863,0.0,0.0,0.0,489,2.477430820465088
489,0.16,0.0,0.0,0.0,0.84,0.0,0.0,0.0,490,2.437122106552124
490,0.002,0.0,0.0,0.0,0.998,0.0,0.0,0.0,491,2.3763630390167236
491,0.027,0.0,0.0,0.001,0.972,0.0,0.0,0.0,492,2.3419578075408936
492,0.034,0.0,0.0,0.0,0.966,0.0,0.0,0.0,493,2.5032870769500732
493,0.128,0.0,0.0,0.0,0.872,0.0,0.0,0.0,494,2.54219126701355
494,0.0,0.0,0.0,0.0,1.0,0.0,0.0,0.0,495,2.49796199798584
495,0.055,0.0,0.0,0.0,0.945,0.0,0.0,0.0,496,2.3922629356384277
496,0.23,0.0,0.0,0.0,0.77,0.0,0.0,0.0,497,2.3361968994140625
497,0.049,0.0,0.0,0.0,0.951,0.0,0.0,0.0,498,2.3303310871124268
498,0.013,0.0,0.0,0.0,0.987,0.0,0.0,0.0,499,2.3696539402008057
499,0.027,0.0,0.0,0.0,0.973,0.0,0.0,0.0,500,2.3645310401916504
500,0.027,0.0,0.0,0.0,0.973,0.0,0.0,0.0,501,2.5281238555908203
501,0.255,0.0,0.0,0.0,0.745,0.0,0.0,0.0,502,2.409501075744629
502,0.05,0.0,0.0,0.0,0.95,0.0,0.0,0.0,503,2.328824758529663
503,0.013,0.0,0.0,0.0,0.987,0.0,0.0,0.0,504,2.3814010620117188
504,0.004,0.0,0.0,0.046,0.95,0.0,0.0,0.0,505,2.3964531421661377
505,0.03,0.0,0.0,0.0,0.97,0.0,0.0,0.0,506,2.347337007522583
506,0.0,0.0,0.0,0.0,1.0,0.0,0.0,0.0,507,2.3225090503692627
507,0.022,0.0,0.0,0.0,0.978,0.0,0.0,0.0,508,2.328693151473999
508,0.042,0.0,0.0,0.0,0.958,0.0,0.0,0.0,509,2.319537878036499
509,0.043,0.0,0.0,0.0,0.957,0.0,0.0,0.0,510,2.3522801399230957
510,0.009,0.0,0.0,0.0,0.991,0.0,0.0,0.0,511,2.379619836807251
511,0.099,0.0,0.0,0.0,0.901,0.0,0.0,0.0,512,2.4427590370178223
512,0.006,0.0,0.0,0.0,0.994,0.0,0.0,0.0,513,2.3758840560913086
513,0.001,0.0,0.0,0.0,0.999,0.0,0.0,0.0,514,2.520975112915039
514,0.005,0.0,0.0,0.0,0.995,0.0,0.0,0.0,515,2.628314256668091
515,0.091,0.0,0.0,0.001,0.908,0.0,0.0,0.0,516,2.4058918952941895
516,0.0,0.0,0.0,0.0,1.0,0.0,0.0,0.0,517,2.4167380332946777
517,0.006,0.0,0.0,0.0,0.994,0.0,0.0,0.0,518,2.439953088760376
518,0.3,0.0,0.0,0.0,0.7,0.0,0.0,0.0,519,2.3150463104248047
519,0.0,0.0,0.0,0.0,1.0,0.0,0.0,0.0,520,2.4935739040374756
520,0.1,0.0,0.0,0.0,0.9,0.0,0.0,0.0,521,2.381058931350708
521,0.034,0.0,0.0,0.0,0.966,0.0,0.0,0.0,522,2.295362949371338
522,0.051,0.0,0.0,0.0,0.948,0.0,0.001,0.0,523,2.5288751125335693
523,0.032,0.0,0.0,0.0,0.968,0.0,0.0,0.0,524,2.2542929649353027
524,0.008,0.0,0.0,0.0,0.992,0.0,0.0,0.0,525,2.293354034423828
525,0.145,0.0,0.0,0.001,0.854,0.0,0.0,0.0,526,2.457827091217041
526,0.017,0.0,0.0,0.0,0.983,0.0,0.0,0.0,527,2.456541061401367
527,0.014,0.0,0.0,0.0,0.986,0.0,0.0,0.0,528,2.4419498443603516
528,0.002,0.0,0.0,0.0,0.998,0.0,0.0,0.0,529,2.3171849250793457
529,0.019,0.0,0.0,0.0,0.981,0.0,0.0,0.0,530,2.2872989177703857
530,0.004,0.0,0.0,0.0,0.996,0.0,0.0,0.0,531,2.546088218688965
531,0.028,0.0,0.0,0.0,0.972,0.0,0.0,0.0,532,2.4591550827026367
532,0.004,0.0,0.0,0.0,0.996,0.0,0.0,0.0,533,2.3543148040771484
533,0.004,0.0,0.0,0.0,0.996,0.0,0.0,0.0,534,2.3918232917785645
534,0.042,0.0,0.0,0.0,0.947,0.0,0.011,0.0,535,2.462818145751953
535,0.026,0.0,0.0,0.0,0.973,0.0,0.001,0.0,536,2.395303964614868
536,0.749,0.0,0.0,0.0,0.251,0.0,0.0,0.0,537,2.617595911026001
537,0.0,0.0,0.0,0.0,1.0,0.0,0.0,0.0,538,2.39345383644104
538,0.043,0.0,0.0,0.0,0.957,0.0,0.0,0.0,539,2.293505907058716
539,0.001,0.0,0.0,0.0,0.999,0.0,0.0,0.0,540,2.2225687503814697
540,0.0,0.0,0.0,0.0,1.0,0.0,0.0,0.0,541,2.230268955230713
541,0.009,0.0,0.0,0.0,0.991,0.0,0.0,0.0,542,2.2411670684814453
542,0.008,0.0,0.0,0.0,0.992,0.0,0.0,0.0,543,2.3064157962799072
543,0.108,0.0,0.0,0.0,0.892,0.0,0.0,0.0,544,2.279430866241455
544,0.395,0.0,0.0,0.0,0.605,0.0,0.0,0.0,545,2.2571468353271484
545,0.014,0.0,0.0,0.0,0.986,0.0,0.0,0.0,546,2.3278987407684326
546,0.161,0.0,0.0,0.0,0.839,0.0,0.0,0.0,547,2.3380327224731445
547,0.002,0.0,0.0,0.0,0.998,0.0,0.0,0.0,548,2.242074728012085
548,0.003,0.0,0.0,0.0,0.997,0.0,0.0,0.0,549,2.1984260082244873
549,0.001,0.0,0.0,0.0,0.999,0.0,0.0,0.0,550,2.252464771270752
550,0.0,0.0,0.0,0.0,1.0,0.0,0.0,0.0,551,2.2206647396087646
551,0.593,0.0,0.0,0.0,0.407,0.0,0.0,0.0,552,2.23823881149292
552,0.001,0.0,0.0,0.0,0.999,0.0,0.0,0.0,553,2.3195090293884277
553,0.169,0.0,0.0,0.0,0.831,0.0,0.0,0.0,554,2.3547260761260986
554,0.014,0.0,0.0,0.0,0.986,0.0,0.0,0.0,555,2.482717752456665
555,0.009,0.0,0.0,0.0,0.991,0.0,0.0,0.0,556,2.443848133087158
556,0.01,0.0,0.0,0.0,0.99,0.0,0.0,0.0,557,2.4750888347625732
557,0.064,0.0,0.0,0.0,0.936,0.0,0.0,0.0,558,2.435220956802368
558,0.0,0.0,0.0,0.0,1.0,0.0,0.0,0.0,559,2.6355650424957275
559,0.0,0.0,0.0,0.0,1.0,0.0,0.0,0.0,560,2.3598170280456543
560,0.024,0.0,0.0,0.0,0.976,0.0,0.0,0.0,561,2.28833270072937
561,0.002,0.0,0.0,0.0,0.998,0.0,0.0,0.0,562,2.280787944793701
562,0.042,0.0,0.0,0.0,0.958,0.0,0.0,0.0,563,2.31666898727417
563,0.05,0.0,0.0,0.0,0.95,0.0,0.0,0.0,564,2.299254894256592
564,0.006,0.0,0.0,0.0,0.994,0.0,0.0,0.0,565,2.2251217365264893
565,0.003,0.0,0.0,0.0,0.997,0.0,0.0,0.0,566,2.246781826019287
566,0.156,0.0,0.0,0.0,0.844,0.0,0.0,0.0,567,2.2730813026428223
567,0.06,0.0,0.0,0.0,0.94,0.0,0.0,0.0,568,2.341259002685547
568,0.005,0.0,0.0,0.0,0.995,0.0,0.0,0.0,569,2.359170913696289
569,0.001,0.0,0.0,0.0,0.999,0.0,0.0,0.0,570,2.2157230377197266
570,0.306,0.0,0.0,0.0,0.694,0.0,0.0,0.0,571,2.293148994445801
571,0.0,0.0,0.0,0.0,1.0,0.0,0.0,0.0,572,2.2105729579925537
572,0.029,0.0,0.0,0.0,0.971,0.0,0.0,0.0,573,2.224229335784912
573,0.001,0.0,0.0,0.0,0.999,0.0,0.0,0.0,574,2.228476047515869
574,0.003,0.0,0.0,0.0,0.997,0.0,0.0,0.0,575,2.29272198677063
575,0.002,0.0,0.0,0.0,0.997,0.0,0.001,0.0,576,2.279963970184326
576,0.048,0.0,0.0,0.0,0.952,0.0,0.0,0.0,577,2.191114902496338
577,0.083,0.0,0.0,0.0,0.917,0.0,0.0,0.0,578,2.269524097442627
578,0.003,0.0,0.0,0.0,0.997,0.0,0.0,0.0,579,2.2474420070648193
579,0.0,0.0,0.0,0.0,1.0,0.0,0.0,0.0,580,2.2831990718841553
580,0.007,0.0,0.0,0.0,0.993,0.0,0.0,0.0,581,2.161925792694092
581,0.005,0.0,0.0,0.0,0.995,0.0,0.0,0.0,582,2.2681946754455566
582,0.158,0.0,0.0,0.0,0.842,0.0,0.0,0.0,583,2.1691458225250244
583,0.148,0.0,0.0,0.0,0.851,0.0,0.001,0.0,584,2.192981004714966
584,0.005,0.0,0.0,0.0,0.995,0.0,0.0,0.0,585,2.250669002532959
585,0.038,0.0,0.0,0.0,0.962,0.0,0.0,0.0,586,2.171917676925659
586,0.026,0.0,0.0,0.0,0.974,0.0,0.0,0.0,587,2.2256810665130615
587,0.812,0.0,0.0,0.0,0.188,0.0,0.0,0.0,588,2.1671030521392822
588,0.125,0.0,0.0,0.0,0.875,0.0,0.0,0.0,589,2.1757400035858154
589,0.167,0.0,0.0,0.0,0.83,0.0,0.003,0.0,590,2.227350950241089
590,0.0,0.0,0.0,0.0,1.0,0.0,0.0,0.0,591,2.2307510375976562
591,0.0,0.0,0.0,0.0,1.0,0.0,0.0,0.0,592,2.203782081604004
592,0.359,0.0,0.0,0.0,0.641,0.0,0.0,0.0,593,2.2604007720947266
593,0.0,0.0,0.0,0.0,1.0,0.0,0.0,0.0,594,2.1964638233184814
594,0.0,0.0,0.0,0.0,1.0,0.0,0.0,0.0,595,2.274614095687866
595,0.322,0.0,0.0,0.0,0.678,0.0,0.0,0.0,596,2.228714942932129
596,0.0,0.0,0.0,0.0,1.0,0.0,0.0,0.0,597,2.2572171688079834
597,0.243,0.0,0.0,0.0,0.757,0.0,0.0,0.0,598,2.245598077774048
598,0.01,0.0,0.0,0.0,0.99,0.0,0.0,0.0,599,2.176877975463867
599,0.015,0.0,0.0,0.0,0.985,0.0,0.0,0.0,600,2.2391438484191895
600,0.0,0.0,0.0,0.0,1.0,0.0,0.0,0.0,601,2.2228379249572754
601,0.008,0.0,0.0,0.0,0.992,0.0,0.0,0.0,602,2.259079933166504
602,0.009,0.0,0.0,0.0,0.991,0.0,0.0,0.0,603,2.228229284286499
603,0.291,0.0,0.0,0.0,0.709,0.0,0.0,0.0,604,2.1982216835021973
604,0.0,0.0,0.0,0.0,1.0,0.0,0.0,0.0,605,2.256169080734253
605,0.27,0.0,0.0,0.0,0.724,0.0,0.006,0.0,606,2.24249005317688
606,0.091,0.0,0.0,0.0,0.902,0.0,0.007,0.0,607,2.180619955062866
607,0.004,0.0,0.0,0.0,0.996,0.0,0.0,0.0,608,2.1916821002960205
608,0.012,0.0,0.0,0.0,0.988,0.0,0.0,0.0,609,2.2044270038604736
609,0.005,0.0,0.0,0.0,0.995,0.0,0.0,0.0,610,2.1948652267456055
610,0.104,0.0,0.0,0.0,0.896,0.0,0.0,0.0,611,2.2419612407684326
611,0.362,0.0,0.0,0.0,0.638,0.0,0.0,0.0,612,2.2000021934509277
612,0.098,0.0,0.0,0.0,0.902,0.0,0.0,0.0,613,2.2035610675811768
613,0.001,0.0,0.0,0.0,0.999,0.0,0.0,0.0,614,2.194044828414917
614,0.205,0.0,0.0,0.0,0.795,0.0,0.0,0.0,615,2.2405059337615967
615,0.001,0.0,0.0,0.001,0.998,0.0,0.0,0.0,616,2.240474224090576
616,0.059,0.0,0.0,0.0,0.941,0.0,0.0,0.0,617,2.1898722648620605
617,0.019,0.0,0.0,0.0,0.981,0.0,0.0,0.0,618,2.214339017868042
618,0.02,0.0,0.0,0.0,0.98,0.0,0.0,0.0,619,2.222172260284424
619,0.132,0.0,0.0,0.0,0.868,0.0,0.0,0.0,620,2.2434210777282715
620,0.002,0.0,0.0,0.0,0.998,0.0,0.0,0.0,621,2.18589186668396
621,0.0,0.0,0.0,0.0,1.0,0.0,0.0,0.0,622,2.1929657459259033
622,0.204,0.0,0.0,0.0,0.796,0.0,0.0,0.0,623,2.17423677444458
623,0.001,0.0,0.0,0.0,0.999,0.0,0.0,0.0,624,2.190425157546997
624,0.082,0.0,0.0,0.0,0.916,0.0,0.002,0.0,625,2.197934865951538
625,0.002,0.0,0.0,0.0,0.998,0.0,0.0,0.0,626,2.1777539253234863
626,0.0,0.0,0.0,0.0,1.0,0.0,0.0,0.0,627,2.185372829437256
627,0.152,0.0,0.0,0.0,0.848,0.0,0.0,0.0,628,2.266223907470703
628,0.0,0.0,0.0,0.0,1.0,0.0,0.0,0.0,629,2.1933090686798096
629,0.004,0.0,0.0,0.0,0.996,0.0,0.0,0.0,630,2.188730001449585
630,0.018,0.0,0.0,0.0,0.982,0.0,0.0,0.0,631,2.173372745513916
631,0.002,0.0,0.0,0.0,0.998,0.0,0.0,0.0,632,2.2071712017059326
632,0.011,0.0,0.0,0.0,0.989,0.0,0.0,0.0,633,2.199496030807495
633,0.019,0.0,0.0,0.0,0.981,0.0,0.0,0.0,634,2.242488145828247
634,0.0,0.0,0.0,0.0,1.0,0.0,0.0,0.0,635,2.170325994491577
635,0.001,0.0,0.0,0.0,0.999,0.0,0.0,0.0,636,2.236180067062378
636,0.078,0.0,0.0,0.0,0.922,0.0,0.0,0.0,637,2.20479416847229
637,0.0,0.0,0.0,0.0,1.0,0.0,0.0,0.0,638,2.2643110752105713
638,0.013,0.0,0.0,0.0,0.987,0.0,0.0,0.0,639,2.210088014602661
639,0.01,0.0,0.0,0.0,0.99,0.0,0.0,0.0,640,2.216435194015503
640,0.0,0.0,0.0,0.0,0.999,0.0,0.001,0.0,641,2.2215559482574463
641,0.0,0.0,0.0,0.0,1.0,0.0,0.0,0.0,642,2.206651210784912
642,0.0,0.0,0.0,0.0,1.0,0.0,0.0,0.0,643,2.169551134109497
643,0.005,0.0,0.0,0.0,0.995,0.0,0.0,0.0,644,2.1649930477142334
644,0.0,0.0,0.0,0.0,1.0,0.0,0.0,0.0,645,2.1886589527130127
645,0.034,0.0,0.0,0.0,0.966,0.0,0.0,0.0,646,2.248781681060791
646,0.001,0.0,0.0,0.0,0.999,0.0,0.0,0.0,647,2.177258014678955
647,0.05,0.0,0.0,0.0,0.95,0.0,0.0,0.0,648,2.2501509189605713
648,0.605,0.0,0.0,0.0,0.376,0.0,0.019,0.0,649,2.183785915374756
649,0.194,0.0,0.0,0.0,0.806,0.0,0.0,0.0,650,2.1725010871887207
650,0.013,0.0,0.0,0.0,0.987,0.0,0.0,0.0,651,2.182634115219116
651,0.001,0.0,0.0,0.0,0.999,0.0,0.0,0.0,652,2.2314860820770264
652,0.104,0.0,0.0,0.0,0.896,0.0,0.0,0.0,653,2.1662890911102295
653,0.104,0.0,0.0,0.0,0.896,0.0,0.0,0.0,654,2.2641448974609375
654,0.064,0.0,0.0,0.0,0.936,0.0,0.0,0.0,655,2.2644989490509033
655,0.11,0.0,0.0,0.0,0.89,0.0,0.0,0.0,656,2.186008930206299
656,0.193,0.0,0.0,0.0,0.791,0.0,0.016,0.0,657,2.2088491916656494
657,0.205,0.0,0.0,0.0,0.795,0.0,0.0,0.0,658,2.2567830085754395
658,0.031,0.0,0.0,0.0,0.969,0.0,0.0,0.0,659,2.1775426864624023
659,0.001,0.0,0.0,0.0,0.999,0.0,0.0,0.0,660,2.181645154953003
660,0.401,0.0,0.0,0.0,0.588,0.0,0.011,0.0,661,2.1580607891082764
661,0.002,0.0,0.0,0.0,0.998,0.0,0.0,0.0,662,2.2217729091644287
662,0.002,0.0,0.0,0.0,0.998,0.0,0.0,0.0,663,2.148287296295166
663,0.01,0.0,0.0,0.0,0.99,0.0,0.0,0.0,664,2.1982839107513428
664,0.0,0.0,0.0,0.0,1.0,0.0,0.0,0.0,665,2.262428045272827
665,0.003,0.0,0.0,0.0,0.997,0.0,0.0,0.0,666,2.1788082122802734
666,0.004,0.0,0.0,0.0,0.996,0.0,0.0,0.0,667,2.2183070182800293
667,0.817,0.0,0.0,0.0,0.183,0.0,0.0,0.0,668,2.185126304626465
668,0.17,0.0,0.0,0.0,0.83,0.0,0.0,0.0,669,2.2552268505096436
669,0.364,0.0,0.0,0.0,0.635,0.0,0.001,0.0,670,2.2871928215026855
670,0.01,0.0,0.0,0.0,0.99,0.0,0.0,0.0,671,2.196260929107666
671,0.071,0.0,0.0,0.0,0.929,0.0,0.0,0.0,672,2.236772060394287
672,0.0,0.0,0.0,0.0,1.0,0.0,0.0,0.0,673,2.245023727416992
673,0.065,0.0,0.0,0.0,0.935,0.0,0.0,0.0,674,2.1755218505859375
674,0.001,0.0,0.0,0.0,0.999,0.0,0.0,0.0,675,2.269930124282837
675,0.0,0.0,0.0,0.0,1.0,0.0,0.0,0.0,676,2.307626962661743
676,0.004,0.0,0.0,0.0,0.996,0.0,0.0,0.0,677,2.1905341148376465
677,0.0,0.0,0.0,0.0,1.0,0.0,0.0,0.0,678,2.2128710746765137
678,0.048,0.0,0.0,0.0,0.952,0.0,0.0,0.0,679,2.2437660694122314
679,0.0,0.0,0.0,0.0,1.0,0.0,0.0,0.0,680,2.2077319622039795
680,0.064,0.0,0.0,0.0,0.936,0.0,0.0,0.0,681,2.262148857116699
681,0.025,0.0,0.0,0.0,0.975,0.0,0.0,0.0,682,2.160946846008301
682,0.0,0.0,0.0,0.0,1.0,0.0,0.0,0.0,683,2.240454912185669
683,0.164,0.0,0.0,0.0,0.836,0.0,0.0,0.0,684,2.2164828777313232
684,0.018,0.0,0.0,0.0,0.982,0.0,0.0,0.0,685,2.241058111190796
685,0.005,0.0,0.0,0.0,0.995,0.0,0.0,0.0,686,2.1800649166107178
686,0.362,0.0,0.0,0.0,0.638,0.0,0.0,0.0,687,2.2131147384643555
687,0.034,0.0,0.0,0.0,0.966,0.0,0.0,0.0,688,2.1648788452148438
688,0.003,0.0,0.0,0.0,0.997,0.0,0.0,0.0,689,2.2272377014160156
689,0.004,0.0,0.0,0.0,0.996,0.0,0.0,0.0,690,2.206787109375
690,0.115,0.0,0.0,0.0,0.885,0.0,0.0,0.0,691,2.2515079975128174
691,0.004,0.0,0.0,0.0,0.996,0.0,0.0,0.0,692,2.188082218170166
692,0.038,0.0,0.0,0.0,0.962,0.0,0.0,0.0,693,2.2081191539764404
693,0.094,0.0,0.0,0.0,0.906,0.0,0.0,0.0,694,2.1599910259246826
694,0.011,0.0,0.0,0.0,0.988,0.0,0.001,0.0,695,2.177338123321533
695,0.086,0.0,0.0,0.0,0.914,0.0,0.0,0.0,696,2.2537899017333984
696,0.089,0.0,0.0,0.0,0.911,0.0,0.0,0.0,697,508.8484058380127
697,0.412,0.0,0.0,0.0,0.588,0.0,0.0,0.0,698,2.5772480964660645
698,0.003,0.0,0.0,0.0,0.997,0.0,0.0,0.0,699,2.492088794708252
699,0.179,0.0,0.0,0.0,0.82,0.0,0.001,0.0,700,2.3737761974334717
700,0.503,0.0,0.0,0.0,0.497,0.0,0.0,0.0,701,2.386312246322632
701,0.004,0.0,0.0,0.0,0.996,0.0,0.0,0.0,702,2.403442859649658
702,0.0,0.0,0.0,0.0,1.0,0.0,0.0,0.0,703,2.301666736602783
703,0.483,0.0,0.0,0.0,0.517,0.0,0.0,0.0,704,2.3637349605560303
704,0.009,0.0,0.0,0.0,0.991,0.0,0.0,0.0,705,2.36972713470459
705,0.013,0.0,0.0,0.0,0.987,0.0,0.0,0.0,706,2.340559959411621
706,0.006,0.0,0.0,0.0,0.993,0.0,0.001,0.0,707,2.3081610202789307
707,0.472,0.0,0.0,0.0,0.528,0.0,0.0,0.0,708,2.3199222087860107
708,0.0,0.0,0.0,0.0,1.0,0.0,0.0,0.0,709,2.3557169437408447
709,0.316,0.0,0.0,0.0,0.684,0.0,0.0,0.0,710,2.317206859588623
710,0.001,0.0,0.0,0.0,0.999,0.0,0.0,0.0,711,2.3042938709259033
711,0.0,0.0,0.0,0.0,1.0,0.0,0.0,0.0,712,2.2867939472198486
712,0.477,0.0,0.0,0.0,0.523,0.0,0.0,0.0,713,2.2944960594177246
713,0.0,0.0,0.0,0.0,1.0,0.0,0.0,0.0,714,2.2684481143951416
714,0.0,0.0,0.0,0.0,1.0,0.0,0.0,0.0,715,2.296292781829834
715,0.005,0.0,0.0,0.0,0.995,0.0,0.0,0.0,716,2.2748959064483643
716,0.0,0.0,0.0,0.0,1.0,0.0,0.0,0.0,717,2.319105863571167
717,0.141,0.0,0.0,0.0,0.854,0.0,0.005,0.0,718,2.339362144470215
718,0.002,0.0,0.0,0.0,0.998,0.0,0.0,0.0,719,2.330493211746216
719,0.008,0.0,0.0,0.0,0.992,0.0,0.0,0.0,720,2.3258790969848633
720,0.002,0.0,0.0,0.0,0.997,0.0,0.001,0.0,721,2.292541980743408
721,0.015,0.0,0.0,0.0,0.985,0.0,0.0,0.0,722,2.2993452548980713
722,0.034,0.0,0.0,0.0,0.966,0.0,0.0,0.0,723,2.353806972503662
723,0.081,0.0,0.0,0.0,0.919,0.0,0.0,0.0,724,2.6243960857391357
724,0.042,0.0,0.0,0.0,0.958,0.0,0.0,0.0,725,2.3255929946899414
725,0.063,0.0,0.0,0.0,0.918,0.0,0.019,0.0,726,2.3312180042266846
726,0.428,0.0,0.0,0.0,0.572,0.0,0.0,0.0,727,2.3699920177459717
727,0.0,0.0,0.0,0.0,1.0,0.0,0.0,0.0,728,2.3709287643432617
728,0.001,0.0,0.0,0.0,0.999,0.0,0.0,0.0,729,2.3151490688323975
729,0.039,0.0,0.0,0.0,0.961,0.0,0.0,0.0,730,2.3443520069122314
730,0.051,0.0,0.0,0.0,0.949,0.0,0.0,0.0,731,2.3108839988708496
731,0.419,0.0,0.0,0.0,0.581,0.0,0.0,0.0,732,2.3295950889587402
732,0.021,0.0,0.0,0.0,0.979,0.0,0.0,0.0,733,2.326659917831421
733,0.0,0.0,0.0,0.0,1.0,0.0,0.0,0.0,734,2.3234808444976807
734,0.243,0.0,0.0,0.0,0.757,0.0,0.0,0.0,735,2.1859073638916016
735,0.981,0.0,0.0,0.0,0.019,0.0,0.0,0.0,736,2.1697659492492676
736,0.019,0.0,0.0,0.0,0.98,0.0,0.001,0.0,737,2.2014830112457275
737,0.024,0.0,0.0,0.0,0.975,0.0,0.001,0.0,738,2.274329900741577
738,0.174,0.0,0.0,0.0,0.826,0.0,0.0,0.0,739,2.2779042720794678
739,0.0,0.0,0.0,0.0,1.0,0.0,0.0,0.0,740,2.3255722522735596
740,0.532,0.0,0.0,0.0,0.468,0.0,0.0,0.0,741,2.210660219192505
741,0.031,0.0,0.0,0.0,0.969,0.0,0.0,0.0,742,2.239119052886963
742,0.206,0.0,0.0,0.0,0.794,0.0,0.0,0.0,743,2.307304859161377
743,0.053,0.0,0.0,0.0,0.947,0.0,0.0,0.0,744,2.1913199424743652
744,0.121,0.0,0.0,0.0,0.879,0.0,0.0,0.0,745,2.1719868183135986
745,0.021,0.0,0.0,0.0,0.979,0.0,0.0,0.0,746,2.2886011600494385
746,0.032,0.0,0.0,0.0,0.968,0.0,0.0,0.0,747,2.181472063064575
747,0.083,0.0,0.0,0.001,0.914,0.0,0.002,0.0,748,2.206645965576172
748,0.0,0.0,0.0,0.0,1.0,0.0,0.0,0.0,749,2.234078884124756
749,0.593,0.0,0.0,0.0,0.406,0.0,0.001,0.0,750,2.2052648067474365
750,0.398,0.0,0.0,0.0,0.602,0.0,0.0,0.0,751,2.252807140350342
751,0.127,0.0,0.0,0.0,0.873,0.0,0.0,0.0,752,2.172179937362671
752,0.103,0.0,0.0,0.0,0.897,0.0,0.0,0.0,753,2.2425501346588135
753,0.035,0.0,0.0,0.0,0.965,0.0,0.0,0.0,754,2.175273895263672
754,0.0,0.0,0.0,0.0,1.0,0.0,0.0,0.0,755,2.2140121459960938
755,0.0,0.0,0.0,0.0,1.0,0.0,0.0,0.0,756,2.209872245788574
756,0.279,0.0,0.0,0.0,0.705,0.0,0.016,0.0,757,2.1555697917938232
757,0.134,0.0,0.0,0.0,0.866,0.0,0.0,0.0,758,2.2007579803466797
758,0.0,0.0,0.0,0.0,1.0,0.0,0.0,0.0,759,2.208664894104004
759,0.372,0.0,0.0,0.0,0.628,0.0,0.0,0.0,760,2.179292917251587
760,0.046,0.0,0.0,0.0,0.954,0.0,0.0,0.0,761,2.1938397884368896
761,0.003,0.0,0.0,0.0,0.997,0.0,0.0,0.0,762,2.194524049758911
762,0.007,0.0,0.0,0.0,0.993,0.0,0.0,0.0,763,2.175412178039551
763,0.311,0.0,0.0,0.0,0.689,0.0,0.0,0.0,764,2.2162270545959473
764,0.001,0.0,0.0,0.0,0.999,0.0,0.0,0.0,765,2.2261929512023926
765,0.0,0.0,0.0,0.0,1.0,0.0,0.0,0.0,766,2.2737619876861572
766,0.011,0.0,0.0,0.0,0.989,0.0,0.0,0.0,767,2.3009860515594482
767,0.005,0.0,0.0,0.0,0.995,0.0,0.0,0.0,768,2.2640440464019775
768,0.0,0.0,0.0,0.0,1.0,0.0,0.0,0.0,769,2.2924959659576416
769,0.007,0.0,0.0,0.0,0.993,0.0,0.0,0.0,770,2.2608461380004883
770,0.057,0.0,0.0,0.0,0.943,0.0,0.0,0.0,771,2.263975143432617
771,0.348,0.0,0.0,0.0,0.652,0.0,0.0,0.0,772,2.290795087814331
772,0.16,0.0,0.0,0.0,0.84,0.0,0.0,0.0,773,2.2679250240325928
773,0.661,0.0,0.0,0.0,0.339,0.0,0.0,0.0,774,2.2933948040008545
774,0.031,0.0,0.0,0.0,0.969,0.0,0.0,0.0,775,2.2625460624694824
775,0.095,0.0,0.0,0.0,0.905,0.0,0.0,0.0,776,2.3057098388671875
776,0.003,0.0,0.0,0.0,0.997,0.0,0.0,0.0,777,2.306734800338745
777,0.004,0.0,0.0,0.0,0.996,0.0,0.0,0.0,778,2.3126821517944336
778,0.061,0.0,0.0,0.0,0.939,0.0,0.0,0.0,779,2.290065288543701
779,0.027,0.0,0.0,0.0,0.973,0.0,0.0,0.0,780,2.3527719974517822
780,0.001,0.0,0.0,0.0,0.999,0.0,0.0,0.0,781,2.310380697250366
781,0.004,0.0,0.0,0.0,0.996,0.0,0.0,0.0,782,2.2801969051361084
782,0.511,0.0,0.0,0.0,0.489,0.0,0.0,0.0,783,2.3002569675445557
783,0.258,0.0,0.0,0.0,0.742,0.0,0.0,0.0,784,2.2873361110687256
784,0.318,0.0,0.0,0.0,0.682,0.0,0.0,0.0,785,2.3031318187713623
785,0.317,0.0,0.0,0.0,0.683,0.0,0.0,0.0,786,2.2904603481292725
786,0.044,0.0,0.0,0.0,0.956,0.0,0.0,0.0,787,2.2946579456329346
787,0.1,0.0,0.0,0.0,0.9,0.0,0.0,0.0,788,2.316519260406494
788,0.0,0.0,0.0,0.0,1.0,0.0,0.0,0.0,789,2.3156039714813232
789,0.001,0.0,0.0,0.0,0.999,0.0,0.0,0.0,790,2.3020741939544678
790,0.0,0.0,0.0,0.0,1.0,0.0,0.0,0.0,791,2.294455051422119
791,0.0,0.0,0.0,0.0,0.999,0.0,0.001,0.0,792,2.271883964538574
792,0.43,0.0,0.0,0.0,0.57,0.0,0.0,0.0,793,2.3123950958251953
793,0.0,0.0,0.0,0.0,1.0,0.0,0.0,0.0,794,2.2985610961914062
794,0.114,0.0,0.0,0.0,0.886,0.0,0.0,0.0,795,2.313584804534912
795,0.003,0.0,0.0,0.0,0.997,0.0,0.0,0.0,796,2.2977588176727295
796,0.07,0.0,0.0,0.0,0.92,0.0,0.01,0.0,797,2.346190929412842
797,0.055,0.0,0.0,0.0,0.945,0.0,0.0,0.0,798,2.3112199306488037
798,0.0,0.0,0.0,0.0,1.0,0.0,0.0,0.0,799,2.2990739345550537
799,0.033,0.0,0.0,0.0,0.967,0.0,0.0,0.0,800,2.3287699222564697
800,0.056,0.0,0.0,0.0,0.944,0.0,0.0,0.0,801,2.386573076248169
801,0.155,0.0,0.0,0.0,0.845,0.0,0.0,0.0,802,2.3386640548706055
802,0.59,0.0,0.0,0.0,0.41,0.0,0.0,0.0,803,2.410989999771118
803,0.081,0.0,0.0,0.0,0.919,0.0,0.0,0.0,804,2.478936195373535
804,0.226,0.0,0.0,0.0,0.774,0.0,0.0,0.0,805,2.3678951263427734
805,0.001,0.0,0.0,0.0,0.999,0.0,0.0,0.0,806,2.389832019805908
806,0.887,0.0,0.0,0.0,0.112,0.0,0.001,0.0,807,2.377403974533081
807,0.0,0.0,0.0,0.0,1.0,0.0,0.0,0.0,808,2.39310622215271
808,0.0,0.0,0.0,0.0,1.0,0.0,0.0,0.0,809,2.4220237731933594
809,0.022,0.0,0.0,0.0,0.978,0.0,0.0,0.0,810,2.291821241378784
810,0.0,0.0,0.0,0.0,1.0,0.0,0.0,0.0,811,2.4900989532470703
811,0.0,0.0,0.0,0.0,1.0,0.0,0.0,0.0,812,2.3979170322418213
812,0.0,0.0,0.0,0.0,1.0,0.0,0.0,0.0,813,2.294569969177246
813,0.087,0.0,0.0,0.0,0.913,0.0,0.0,0.0,814,2.326704740524292
814,0.03,0.0,0.0,0.0,0.97,0.0,0.0,0.0,815,2.314505100250244
815,0.54,0.0,0.0,0.0,0.46,0.0,0.0,0.0,816,2.3311049938201904
816,0.01,0.0,0.0,0.0,0.99,0.0,0.0,0.0,817,2.3503377437591553
817,0.306,0.0,0.0,0.0,0.694,0.0,0.0,0.0,818,2.405133008956909
818,0.0,0.0,0.0,0.0,1.0,0.0,0.0,0.0,819,2.3765978813171387
819,0.53,0.0,0.0,0.0,0.47,0.0,0.0,0.0,820,2.358607769012451
820,0.069,0.0,0.0,0.0,0.931,0.0,0.0,0.0,821,2.3185012340545654
821,0.005,0.0,0.0,0.0,0.995,0.0,0.0,0.0,822,2.325698137283325
822,0.001,0.0,0.0,0.0,0.999,0.0,0.0,0.0,823,2.353126287460327
823,0.663,0.0,0.0,0.0,0.337,0.0,0.0,0.0,824,2.775501251220703
824,0.164,0.0,0.0,0.0,0.836,0.0,0.0,0.0,825,2.425907850265503
825,0.142,0.0,0.0,0.0,0.858,0.0,0.0,0.0,826,2.3494279384613037
826,0.193,0.0,0.0,0.0,0.807,0.0,0.0,0.0,827,2.434983968734741
827,0.069,0.0,0.0,0.0,0.931,0.0,0.0,0.0,828,2.423854112625122
828,0.014,0.0,0.0,0.0,0.986,0.0,0.0,0.0,829,2.2894809246063232
829,0.0,0.0,0.0,0.0,1.0,0.0,0.0,0.0,830,2.385175943374634
830,0.196,0.0,0.0,0.0,0.804,0.0,0.0,0.0,831,2.315380096435547
831,0.047,0.0,0.0,0.0,0.953,0.0,0.0,0.0,832,2.296104907989502
832,0.001,0.0,0.0,0.0,0.999,0.0,0.0,0.0,833,2.2829861640930176
833,0.019,0.0,0.0,0.0,0.981,0.0,0.0,0.0,834,2.3894779682159424
834,0.001,0.0,0.0,0.0,0.999,0.0,0.0,0.0,835,2.4761409759521484
835,0.0,0.0,0.0,0.0,1.0,0.0,0.0,0.0,836,2.299103021621704
836,0.005,0.0,0.0,0.0,0.995,0.0,0.0,0.0,837,2.555196762084961
837,0.356,0.0,0.0,0.0,0.643,0.0,0.001,0.0,838,2.421281099319458
838,0.0,0.0,0.0,0.0,1.0,0.0,0.0,0.0,839,2.4592180252075195
839,0.008,0.0,0.0,0.0,0.991,0.0,0.001,0.0,840,2.344244956970215
840,0.0,0.0,0.0,0.0,1.0,0.0,0.0,0.0,841,2.319899797439575
841,0.0,0.0,0.0,0.0,1.0,0.0,0.0,0.0,842,2.348472833633423
842,0.015,0.0,0.0,0.0,0.985,0.0,0.0,0.0,843,2.5510730743408203
843,0.0,0.0,0.0,0.0,1.0,0.0,0.0,0.0,844,2.3509907722473145
844,0.001,0.0,0.0,0.0,0.988,0.0,0.011,0.0,845,2.392568826675415
845,0.0,0.0,0.0,0.0,1.0,0.0,0.0,0.0,846,2.5059919357299805
846,0.023,0.0,0.0,0.0,0.977,0.0,0.0,0.0,847,2.288930892944336
847,0.003,0.0,0.0,0.0,0.997,0.0,0.0,0.0,848,2.2625820636749268
848,0.724,0.0,0.0,0.0,0.276,0.0,0.0,0.0,849,2.3038341999053955
849,0.001,0.0,0.0,0.0,0.999,0.0,0.0,0.0,850,2.303581953048706
850,0.241,0.0,0.0,0.0,0.759,0.0,0.0,0.0,851,2.271135091781616
851,0.002,0.0,0.0,0.0,0.998,0.0,0.0,0.0,852,2.356555938720703
852,0.0,0.0,0.0,0.0,1.0,0.0,0.0,0.0,853,2.37949275970459
853,0.004,0.0,0.0,0.002,0.994,0.0,0.0,0.0,854,2.5547027587890625
854,0.0,0.0,0.0,0.0,1.0,0.0,0.0,0.0,855,2.6272189617156982
855,0.004,0.0,0.0,0.0,0.996,0.0,0.0,0.0,856,2.47039794921875
856,0.0,0.0,0.0,0.0,1.0,0.0,0.0,0.0,857,2.454179048538208
857,0.002,0.0,0.0,0.0,0.998,0.0,0.0,0.0,858,2.7192461490631104
858,0.178,0.0,0.0,0.0,0.809,0.0,0.013,0.0,859,2.3373219966888428
859,0.009,0.0,0.0,0.0,0.991,0.0,0.0,0.0,860,2.286797046661377
860,0.023,0.0,0.0,0.0,0.977,0.0,0.0,0.0,861,2.4064688682556152
861,0.214,0.0,0.0,0.0,0.786,0.0,0.0,0.0,862,2.272656202316284
862,0.013,0.0,0.0,0.0,0.987,0.0,0.0,0.0,863,2.37018084526062
863,0.043,0.0,0.0,0.0,0.957,0.0,0.0,0.0,864,2.434997081756592
864,0.62,0.0,0.0,0.0,0.38,0.0,0.0,0.0,865,2.6384527683258057
865,0.046,0.0,0.0,0.0,0.954,0.0,0.0,0.0,866,2.435642719268799
866,0.001,0.0,0.0,0.0,0.999,0.0,0.0,0.0,867,2.321035146713257
867,0.316,0.0,0.0,0.0,0.684,0.0,0.0,0.0,868,2.4274799823760986
868,0.0,0.0,0.0,0.0,0.997,0.0,0.003,0.0,869,2.296617031097412
869,0.005,0.0,0.0,0.0,0.995,0.0,0.0,0.0,870,2.369378089904785
870,0.305,0.0,0.0,0.008,0.687,0.0,0.0,0.0,871,2.233166217803955
871,0.031,0.0,0.0,0.0,0.969,0.0,0.0,0.0,872,2.256993055343628
872,0.005,0.0,0.0,0.0,0.973,0.0,0.022,0.0,873,2.2992680072784424
873,0.02,0.0,0.0,0.0,0.98,0.0,0.0,0.0,874,2.3240740299224854
874,0.005,0.0,0.0,0.0,0.995,0.0,0.0,0.0,875,2.3439130783081055
875,0.001,0.0,0.0,0.0,0.999,0.0,0.0,0.0,876,2.3069820404052734
876,0.027,0.0,0.0,0.0,0.973,0.0,0.0,0.0,877,2.328434944152832
877,0.0,0.0,0.0,0.0,1.0,0.0,0.0,0.0,878,2.3411061763763428
878,0.005,0.0,0.0,0.0,0.995,0.0,0.0,0.0,879,2.427978038787842
879,0.005,0.0,0.0,0.0,0.995,0.0,0.0,0.0,880,2.363420009613037
880,0.0,0.0,0.0,0.0,1.0,0.0,0.0,0.0,881,2.2785470485687256
881,0.0,0.0,0.0,0.0,1.0,0.0,0.0,0.0,882,2.3319528102874756
882,0.0,0.0,0.0,0.0,1.0,0.0,0.0,0.0,883,2.227128028869629
883,0.019,0.0,0.0,0.0,0.981,0.0,0.0,0.0,884,2.2766401767730713
884,0.004,0.0,0.0,0.0,0.996,0.0,0.0,0.0,885,2.248028039932251
885,0.429,0.0,0.0,0.0,0.571,0.0,0.0,0.0,886,2.3068010807037354
886,0.327,0.0,0.0,0.0,0.673,0.0,0.0,0.0,887,2.2169928550720215
887,0.537,0.0,0.0,0.0,0.463,0.0,0.0,0.0,888,2.4366848468780518
888,0.001,0.0,0.0,0.0,0.999,0.0,0.0,0.0,889,2.5823049545288086
889,0.0,0.0,0.0,0.0,1.0,0.0,0.0,0.0,890,4.688499927520752
890,0.174,0.0,0.0,0.0,0.826,0.0,0.0,0.0,891,2.8857369422912598
891,0.03,0.0,0.0,0.0,0.97,0.0,0.0,0.0,892,3.0840418338775635
892,0.014,0.0,0.0,0.0,0.986,0.0,0.0,0.0,893,3.3693737983703613
893,0.023,0.0,0.0,0.0,0.977,0.0,0.0,0.0,894,3.709749937057495
894,0.065,0.0,0.0,0.0,0.935,0.0,0.0,0.0,895,3.6173911094665527
895,0.104,0.0,0.0,0.0,0.886,0.0,0.01,0.0,896,2.7360920906066895
896,0.367,0.0,0.0,0.0,0.633,0.0,0.0,0.0,897,2.3904149532318115
897,0.0,0.0,0.0,0.0,1.0,0.0,0.0,0.0,898,2.5837347507476807
898,0.074,0.0,0.0,0.0,0.926,0.0,0.0,0.0,899,2.512455940246582
899,0.078,0.0,0.0,0.0,0.922,0.0,0.0,0.0,900,2.871509075164795
900,0.048,0.0,0.0,0.0,0.952,0.0,0.0,0.0,901,2.5617549419403076
901,0.321,0.0,0.0,0.0,0.679,0.0,0.0,0.0,902,2.4631710052490234
902,0.018,0.0,0.0,0.0,0.982,0.0,0.0,0.0,903,2.4166691303253174
903,0.251,0.0,0.0,0.0,0.749,0.0,0.0,0.0,904,3.098942995071411
904,0.047,0.0,0.0,0.0,0.953,0.0,0.0,0.0,905,2.8544511795043945
905,0.001,0.0,0.0,0.0,0.999,0.0,0.0,0.0,906,2.6480929851531982
906,0.0,0.0,0.0,0.0,1.0,0.0,0.0,0.0,907,2.3825531005859375
907,0.021,0.0,0.0,0.0,0.979,0.0,0.0,0.0,908,2.89599609375
908,0.012,0.0,0.0,0.0,0.988,0.0,0.0,0.0,909,3.077894926071167
909,0.035,0.0,0.0,0.0,0.965,0.0,0.0,0.0,910,3.084303140640259
910,0.239,0.0,0.0,0.0,0.761,0.0,0.0,0.0,911,3.4680960178375244
911,0.713,0.0,0.0,0.0,0.287,0.0,0.0,0.0,912,3.4290969371795654
912,0.001,0.0,0.0,0.0,0.999,0.0,0.0,0.0,913,3.8626248836517334
913,0.057,0.0,0.0,0.0,0.943,0.0,0.0,0.0,914,4.068333864212036
914,0.077,0.0,0.0,0.0,0.923,0.0,0.0,0.0,915,3.558385133743286
915,0.944,0.0,0.0,0.0,0.056,0.0,0.0,0.0,916,4.79596209526062
916,0.377,0.0,0.0,0.0,0.623,0.0,0.0,0.0,917,4.698200941085815
917,0.013,0.0,0.0,0.0,0.987,0.0,0.0,0.0,918,5.7937681674957275
918,0.001,0.0,0.0,0.0,0.999,0.0,0.0,0.0,919,4.132479906082153
919,0.186,0.0,0.0,0.0,0.814,0.0,0.0,0.0,920,3.8074729442596436
920,0.092,0.0,0.0,0.0,0.908,0.0,0.0,0.0,921,3.8400349617004395
921,0.084,0.0,0.0,0.0,0.916,0.0,0.0,0.0,922,4.147897958755493
922,0.044,0.0,0.0,0.0,0.956,0.0,0.0,0.0,923,3.3734798431396484
923,0.021,0.0,0.0,0.0,0.979,0.0,0.0,0.0,924,2.8489012718200684
924,0.009,0.0,0.0,0.0,0.991,0.0,0.0,0.0,925,3.0692801475524902
925,0.196,0.0,0.0,0.0,0.804,0.0,0.0,0.0,926,3.0045511722564697
926,0.166,0.0,0.0,0.0,0.834,0.0,0.0,0.0,927,2.688300848007202
927,0.395,0.0,0.0,0.0,0.605,0.0,0.0,0.0,928,2.623891830444336
928,0.184,0.0,0.0,0.0,0.816,0.0,0.0,0.0,929,2.555683135986328
929,0.042,0.0,0.0,0.0,0.958,0.0,0.0,0.0,930,2.450068950653076
930,0.271,0.0,0.0,0.0,0.729,0.0,0.0,0.0,931,2.9782931804656982
931,0.202,0.0,0.0,0.0,0.798,0.0,0.0,0.0,932,3.2820749282836914
932,0.021,0.0,0.0,0.0,0.979,0.0,0.0,0.0,933,3.018357038497925
933,0.038,0.0,0.0,0.0,0.962,0.0,0.0,0.0,934,2.736154079437256
934,0.0,0.0,0.0,0.0,1.0,0.0,0.0,0.0,935,2.826935052871704
935,0.001,0.0,0.0,0.0,0.999,0.0,0.0,0.0,936,3.267920970916748
936,0.0,0.0,0.0,0.0,1.0,0.0,0.0,0.0,937,2.904860258102417
937,0.274,0.0,0.0,0.0,0.726,0.0,0.0,0.0,938,2.649466037750244
938,0.311,0.0,0.0,0.0,0.689,0.0,0.0,0.0,939,2.7018301486968994
939,0.139,0.0,0.0,0.0,0.861,0.0,0.0,0.0,940,2.797116756439209
940,0.362,0.0,0.0,0.0,0.638,0.0,0.0,0.0,941,2.8497657775878906
941,0.568,0.0,0.0,0.0,0.432,0.0,0.0,0.0,942,3.058274269104004
942,0.066,0.0,0.0,0.0,0.934,0.0,0.0,0.0,943,3.142573118209839
943,0.0,0.0,0.0,0.003,0.997,0.0,0.0,0.0,944,2.795011043548584
944,0.01,0.0,0.0,0.0,0.99,0.0,0.0,0.0,945,2.829529047012329
945,0.736,0.0,0.0,0.0,0.264,0.0,0.0,0.0,946,2.6382129192352295
946,0.003,0.0,0.0,0.0,0.997,0.0,0.0,0.0,947,2.4543280601501465
947,0.0,0.0,0.0,0.0,1.0,0.0,0.0,0.0,948,2.469536781311035
948,0.009,0.0,0.0,0.0,0.991,0.0,0.0,0.0,949,2.5765810012817383
949,0.005,0.0,0.0,0.0,0.995,0.0,0.0,0.0,950,2.549381971359253
950,0.0,0.0,0.0,0.0,1.0,0.0,0.0,0.0,951,2.475259304046631
951,0.105,0.0,0.0,0.0,0.895,0.0,0.0,0.0,952,2.4644782543182373
952,0.0,0.0,0.0,0.0,1.0,0.0,0.0,0.0,953,2.4015350341796875
953,0.032,0.0,0.0,0.0,0.968,0.0,0.0,0.0,954,2.4168689250946045
954,0.0,0.0,0.0,0.0,1.0,0.0,0.0,0.0,955,2.3254570960998535
955,0.067,0.0,0.0,0.0,0.933,0.0,0.0,0.0,956,2.4274349212646484
956,0.008,0.0,0.0,0.0,0.992,0.0,0.0,0.0,957,2.324019193649292
957,0.0,0.0,0.0,0.0,1.0,0.0,0.0,0.0,958,2.33467698097229
958,0.0,0.0,0.0,0.0,1.0,0.0,0.0,0.0,959,2.404031991958618
959,0.058,0.0,0.0,0.0,0.942,0.0,0.0,0.0,960,2.539375066757202
960,0.0,0.0,0.0,0.0,1.0,0.0,0.0,0.0,961,2.4703550338745117
961,0.003,0.0,0.0,0.0,0.997,0.0,0.0,0.0,962,3.0055999755859375
962,0.254,0.0,0.0,0.0,0.746,0.0,0.0,0.0,963,2.486859083175659
963,0.537,0.0,0.0,0.0,0.463,0.0,0.0,0.0,964,2.8150317668914795
964,0.053,0.0,0.0,0.0,0.947,0.0,0.0,0.0,965,4.711571931838989
965,0.244,0.0,0.0,0.0,0.756,0.0,0.0,0.0,966,3.2362279891967773
966,0.033,0.0,0.0,0.0,0.967,0.0,0.0,0.0,967,2.968883991241455
967,0.025,0.0,0.0,0.0,0.975,0.0,0.0,0.0,968,3.006633996963501
968,0.0,0.0,0.0,0.0,1.0,0.0,0.0,0.0,969,2.8507230281829834
969,0.0,0.0,0.0,0.0,1.0,0.0,0.0,0.0,970,3.4457478523254395
970,0.167,0.0,0.0,0.0,0.833,0.0,0.0,0.0,971,3.4899539947509766
971,0.408,0.0,0.0,0.0,0.592,0.0,0.0,0.0,972,3.4215729236602783
972,0.075,0.0,0.0,0.0,0.921,0.0,0.004,0.0,973,3.8862059116363525
973,0.004,0.0,0.0,0.0,0.996,0.0,0.0,0.0,974,3.2927119731903076
974,0.002,0.0,0.0,0.0,0.998,0.0,0.0,0.0,975,4.13600492477417
975,0.023,0.0,0.0,0.0,0.977,0.0,0.0,0.0,976,3.4716310501098633
976,0.196,0.0,0.0,0.001,0.803,0.0,0.0,0.0,977,3.792451858520508
977,0.005,0.0,0.0,0.0,0.995,0.0,0.0,0.0,978,3.2631330490112305
978,0.0,0.0,0.0,0.0,1.0,0.0,0.0,0.0,979,3.786947011947632
979,0.007,0.0,0.0,0.0,0.992,0.0,0.001,0.0,980,3.1468257904052734
980,0.007,0.0,0.0,0.0,0.993,0.0,0.0,0.0,981,3.700294017791748
981,0.002,0.0,0.0,0.0,0.998,0.0,0.0,0.0,982,3.187230348587036
982,0.0,0.0,0.0,0.0,1.0,0.0,0.0,0.0,983,3.5134518146514893
983,0.0,0.0,0.0,0.0,1.0,0.0,0.0,0.0,984,3.015439033508301
984,0.299,0.0,0.0,0.0,0.701,0.0,0.0,0.0,985,3.6406829357147217
985,0.0,0.0,0.0,0.0,1.0,0.0,0.0,0.0,986,2.9461801052093506
986,0.006,0.0,0.0,0.0,0.994,0.0,0.0,0.0,987,3.134735107421875
987,0.07,0.0,0.0,0.0,0.93,0.0,0.0,0.0,988,3.5497148036956787
988,0.106,0.0,0.0,0.0,0.894,0.0,0.0,0.0,989,3.7903709411621094
989,0.286,0.0,0.0,0.0,0.714,0.0,0.0,0.0,990,3.0508079528808594
990,0.0,0.0,0.0,0.0,1.0,0.0,0.0,0.0,991,2.9954960346221924
991,0.0,0.0,0.0,0.0,1.0,0.0,0.0,0.0,992,3.695136070251465
992,0.095,0.0,0.0,0.0,0.905,0.0,0.0,0.0,993,3.5283167362213135
993,0.099,0.0,0.0,0.0,0.901,0.0,0.0,0.0,994,3.2393829822540283
994,0.11,0.0,0.0,0.0,0.89,0.0,0.0,0.0,995,3.4753353595733643
995,0.059,0.0,0.0,0.0,0.941,0.0,0.0,0.0,996,3.0564610958099365
996,0.112,0.0,0.0,0.0,0.888,0.0,0.0,0.0,997,2.91582989692688
997,0.087,0.0,0.0,0.0,0.913,0.0,0.0,0.0,998,3.2066988945007324
998,0.063,0.0,0.0,0.0,0.937,0.0,0.0,0.0,999,2.7441537380218506
999,0.043,0.0,0.0,0.0,0.957,0.0,0.0,0.0,1000,3.1030170917510986
